id,ime,leto,konferenca,divizija,zmage,porazi,povprečne dane točke,povprečne prejete točke
BOS,Boston Celtics,1980,vzhodna,Atlantska,61,21,113.5,105.7
PHI,Philadelphia 76ers,1980,vzhodna,Atlantska,59,23,109.1,104.9
WSB,Washington Bullets,1980,vzhodna,Atlantska,39,43,107.0,109.5
NYK,New York Knicks,1980,vzhodna,Atlantska,39,43,114.0,115.1
NJN,New Jersey Nets,1980,vzhodna,Atlantska,34,48,108.3,109.5
ATL,Atlanta Hawks,1980,vzhodna,Centralna,50,32,104.5,101.6
HOU,Houston Rockets,1980,vzhodna,Centralna,41,41,110.8,110.6
SAS,San Antonio Spurs,1980,vzhodna,Centralna,41,41,119.4,119.7
IND,Indiana Pacers,1980,vzhodna,Centralna,37,45,111.2,111.9
CLE,Cleveland Cavaliers,1980,vzhodna,Centralna,37,45,114.1,113.8
DET,Detroit Pistons,1980,vzhodna,Centralna,16,66,108.9,117.2
MIL,Milwaukee Bucks,1980,zahodna,Srednjezahodna,49,33,110.1,106.1
KCK,Kansas City Kings,1980,zahodna,Srednjezahodna,47,35,108.0,104.9
DEN,Denver Nuggets,1980,zahodna,Srednjezahodna,30,52,108.3,112.7
CHI,Chicago Bulls,1980,zahodna,Srednjezahodna,30,52,107.5,110.2
UTA,Utah Jazz,1980,zahodna,Srednjezahodna,24,58,102.4,108.4
LAL,Los Angeles Lakers,1980,zahodna,Pacifiška,60,22,115.1,109.2
SEA,Seattle SuperSonics,1980,zahodna,Pacifiška,56,26,108.5,103.8
PHO,Phoenix Suns,1980,zahodna,Pacifiška,55,27,111.1,107.5
POR,Portland Trail Blazers,1980,zahodna,Pacifiška,38,44,102.5,103.3
SDC,San Diego Clippers,1980,zahodna,Pacifiška,35,47,107.6,111.7
GSW,Golden State Warriors,1980,zahodna,Pacifiška,24,58,103.6,108.0
BOS,Boston Celtics,1981,vzhodna,Atlantska,62,20,109.9,104.0
PHI,Philadelphia 76ers,1981,vzhodna,Atlantska,62,20,111.7,103.8
NYK,New York Knicks,1981,vzhodna,Atlantska,50,32,107.9,106.3
WSB,Washington Bullets,1981,vzhodna,Atlantska,39,43,105.6,105.6
NJN,New Jersey Nets,1981,vzhodna,Atlantska,24,58,106.9,113.0
MIL,Milwaukee Bucks,1981,vzhodna,Centralna,60,22,113.1,105.9
CHI,Chicago Bulls,1981,vzhodna,Centralna,45,37,109.0,107.0
IND,Indiana Pacers,1981,vzhodna,Centralna,44,38,107.6,106.2
ATL,Atlanta Hawks,1981,vzhodna,Centralna,31,51,104.9,108.0
CLE,Cleveland Cavaliers,1981,vzhodna,Centralna,28,54,105.7,110.6
DET,Detroit Pistons,1981,vzhodna,Centralna,21,61,99.7,106.0
SAS,San Antonio Spurs,1981,zahodna,Srednjezahodna,52,30,112.3,109.4
KCK,Kansas City Kings,1981,zahodna,Srednjezahodna,40,42,106.9,106.9
HOU,Houston Rockets,1981,zahodna,Srednjezahodna,40,42,108.3,107.9
DEN,Denver Nuggets,1981,zahodna,Srednjezahodna,37,45,121.8,122.3
UTA,Utah Jazz,1981,zahodna,Srednjezahodna,28,54,101.2,107.1
DAL,Dallas Mavericks,1981,zahodna,Srednjezahodna,15,67,101.5,109.9
PHO,Phoenix Suns,1981,zahodna,Pacifiška,57,25,110.0,104.5
LAL,Los Angeles Lakers,1981,zahodna,Pacifiška,54,28,111.2,107.3
POR,Portland Trail Blazers,1981,zahodna,Pacifiška,45,37,110.7,109.8
GSW,Golden State Warriors,1981,zahodna,Pacifiška,39,43,109.8,111.0
SDC,San Diego Clippers,1981,zahodna,Pacifiška,36,46,106.5,108.1
SEA,Seattle SuperSonics,1981,zahodna,Pacifiška,34,48,104.0,105.7
BOS,Boston Celtics,1982,vzhodna,Atlantska,63,19,112.0,105.6
PHI,Philadelphia 76ers,1982,vzhodna,Atlantska,58,24,111.2,105.5
NJN,New Jersey Nets,1982,vzhodna,Atlantska,44,38,106.7,106.0
WSB,Washington Bullets,1982,vzhodna,Atlantska,43,39,103.5,102.6
NYK,New York Knicks,1982,vzhodna,Atlantska,33,49,106.2,108.9
MIL,Milwaukee Bucks,1982,vzhodna,Centralna,55,27,108.4,102.9
ATL,Atlanta Hawks,1982,vzhodna,Centralna,42,40,101.0,100.5
DET,Detroit Pistons,1982,vzhodna,Centralna,39,43,111.1,112.0
IND,Indiana Pacers,1982,vzhodna,Centralna,35,47,102.2,104.0
CHI,Chicago Bulls,1982,vzhodna,Centralna,34,48,106.6,108.6
CLE,Cleveland Cavaliers,1982,vzhodna,Centralna,15,67,103.2,111.7
SAS,San Antonio Spurs,1982,zahodna,Srednjezahodna,48,34,113.1,110.8
DEN,Denver Nuggets,1982,zahodna,Srednjezahodna,46,36,126.5,126.0
HOU,Houston Rockets,1982,zahodna,Srednjezahodna,46,36,105.9,105.9
KCK,Kansas City Kings,1982,zahodna,Srednjezahodna,30,52,107.1,110.2
DAL,Dallas Mavericks,1982,zahodna,Srednjezahodna,28,54,104.6,109.0
UTA,Utah Jazz,1982,zahodna,Srednjezahodna,25,57,110.9,116.6
LAL,Los Angeles Lakers,1982,zahodna,Pacifiška,57,25,114.6,109.8
SEA,Seattle SuperSonics,1982,zahodna,Pacifiška,52,30,107.3,103.1
PHO,Phoenix Suns,1982,zahodna,Pacifiška,46,36,106.2,102.7
GSW,Golden State Warriors,1982,zahodna,Pacifiška,45,37,110.9,109.8
POR,Portland Trail Blazers,1982,zahodna,Pacifiška,42,40,109.8,109.2
SDC,San Diego Clippers,1982,zahodna,Pacifiška,17,65,108.5,115.9
PHI,Philadelphia 76ers,1983,vzhodna,Atlantska,65,17,112.1,104.4
BOS,Boston Celtics,1983,vzhodna,Atlantska,56,26,112.1,106.7
NJN,New Jersey Nets,1983,vzhodna,Atlantska,49,33,105.8,103.0
NYK,New York Knicks,1983,vzhodna,Atlantska,44,38,100.0,97.5
WSB,Washington Bullets,1983,vzhodna,Atlantska,42,40,99.2,99.3
MIL,Milwaukee Bucks,1983,vzhodna,Centralna,51,31,106.6,102.2
ATL,Atlanta Hawks,1983,vzhodna,Centralna,43,39,101.6,102.6
DET,Detroit Pistons,1983,vzhodna,Centralna,37,45,112.7,113.1
CHI,Chicago Bulls,1983,vzhodna,Centralna,28,54,111.0,115.9
CLE,Cleveland Cavaliers,1983,vzhodna,Centralna,23,59,97.1,104.6
IND,Indiana Pacers,1983,vzhodna,Centralna,20,62,108.7,114.5
SAS,San Antonio Spurs,1983,zahodna,Srednjezahodna,53,29,114.3,110.7
DEN,Denver Nuggets,1983,zahodna,Srednjezahodna,45,37,123.2,122.6
KCK,Kansas City Kings,1983,zahodna,Srednjezahodna,45,37,113.8,112.3
DAL,Dallas Mavericks,1983,zahodna,Srednjezahodna,38,44,112.7,113.1
UTA,Utah Jazz,1983,zahodna,Srednjezahodna,30,52,109.0,113.2
HOU,Houston Rockets,1983,zahodna,Srednjezahodna,14,68,99.3,110.9
LAL,Los Angeles Lakers,1983,zahodna,Pacifiška,58,24,115.0,109.5
PHO,Phoenix Suns,1983,zahodna,Pacifiška,53,29,107.0,102.0
SEA,Seattle SuperSonics,1983,zahodna,Pacifiška,48,34,110.0,106.8
POR,Portland Trail Blazers,1983,zahodna,Pacifiška,46,36,107.4,105.3
GSW,Golden State Warriors,1983,zahodna,Pacifiška,30,52,108.6,112.3
SDC,San Diego Clippers,1983,zahodna,Pacifiška,25,57,108.6,113.4
BOS,Boston Celtics,1984,vzhodna,Atlantska,62,20,112.1,105.6
PHI,Philadelphia 76ers,1984,vzhodna,Atlantska,52,30,107.8,105.6
NYK,New York Knicks,1984,vzhodna,Atlantska,47,35,106.9,103.0
NJN,New Jersey Nets,1984,vzhodna,Atlantska,45,37,110.0,108.9
WSB,Washington Bullets,1984,vzhodna,Atlantska,35,47,102.7,105.6
MIL,Milwaukee Bucks,1984,vzhodna,Centralna,50,32,105.7,101.5
DET,Detroit Pistons,1984,vzhodna,Centralna,49,33,117.1,113.5
ATL,Atlanta Hawks,1984,vzhodna,Centralna,40,42,101.5,102.8
CLE,Cleveland Cavaliers,1984,vzhodna,Centralna,28,54,102.3,106.5
CHI,Chicago Bulls,1984,vzhodna,Centralna,27,55,103.7,108.9
IND,Indiana Pacers,1984,vzhodna,Centralna,26,56,104.5,109.3
UTA,Utah Jazz,1984,zahodna,Srednjezahodna,45,37,115.0,113.8
DAL,Dallas Mavericks,1984,zahodna,Srednjezahodna,43,39,110.4,110.0
DEN,Denver Nuggets,1984,zahodna,Srednjezahodna,38,44,123.7,124.8
KCK,Kansas City Kings,1984,zahodna,Srednjezahodna,38,44,110.0,111.5
SAS,San Antonio Spurs,1984,zahodna,Srednjezahodna,37,45,120.3,120.5
HOU,Houston Rockets,1984,zahodna,Srednjezahodna,29,53,110.6,113.7
LAL,Los Angeles Lakers,1984,zahodna,Pacifiška,54,28,115.6,111.8
POR,Portland Trail Blazers,1984,zahodna,Pacifiška,48,34,113.1,109.6
SEA,Seattle SuperSonics,1984,zahodna,Pacifiška,42,40,108.1,108.3
PHO,Phoenix Suns,1984,zahodna,Pacifiška,41,41,111.0,110.1
GSW,Golden State Warriors,1984,zahodna,Pacifiška,37,45,109.9,113.3
SDC,San Diego Clippers,1984,zahodna,Pacifiška,30,52,110.7,114.0
BOS,Boston Celtics,1985,vzhodna,Atlantska,63,19,114.8,108.1
PHI,Philadelphia 76ers,1985,vzhodna,Atlantska,58,24,112.9,108.8
NJN,New Jersey Nets,1985,vzhodna,Atlantska,42,40,109.5,109.2
WSB,Washington Bullets,1985,vzhodna,Atlantska,40,42,105.5,105.8
NYK,New York Knicks,1985,vzhodna,Atlantska,24,58,105.2,109.8
MIL,Milwaukee Bucks,1985,vzhodna,Centralna,59,23,110.9,104.0
DET,Detroit Pistons,1985,vzhodna,Centralna,46,36,116.0,113.5
CHI,Chicago Bulls,1985,vzhodna,Centralna,38,44,108.7,109.6
CLE,Cleveland Cavaliers,1985,vzhodna,Centralna,36,46,108.6,111.3
ATL,Atlanta Hawks,1985,vzhodna,Centralna,34,48,106.6,108.1
IND,Indiana Pacers,1985,vzhodna,Centralna,22,60,108.3,114.5
DEN,Denver Nuggets,1985,zahodna,Srednjezahodna,52,30,120.0,117.6
HOU,Houston Rockets,1985,zahodna,Srednjezahodna,48,34,111.2,109.5
DAL,Dallas Mavericks,1985,zahodna,Srednjezahodna,44,38,111.2,109.0
UTA,Utah Jazz,1985,zahodna,Srednjezahodna,41,41,109.0,109.1
SAS,San Antonio Spurs,1985,zahodna,Srednjezahodna,41,41,114.8,113.9
KCK,Kansas City Kings,1985,zahodna,Srednjezahodna,31,51,114.8,117.5
LAL,Los Angeles Lakers,1985,zahodna,Pacifiška,62,20,118.2,110.9
POR,Portland Trail Blazers,1985,zahodna,Pacifiška,42,40,115.5,112.1
PHO,Phoenix Suns,1985,zahodna,Pacifiška,36,46,108.0,110.1
SEA,Seattle SuperSonics,1985,zahodna,Pacifiška,31,51,102.1,107.6
LAC,Los Angeles Clippers,1985,zahodna,Pacifiška,31,51,107.1,111.6
GSW,Golden State Warriors,1985,zahodna,Pacifiška,22,60,110.4,117.7
BOS,Boston Celtics,1986,vzhodna,Atlantska,67,15,114.1,104.7
PHI,Philadelphia 76ers,1986,vzhodna,Atlantska,54,28,110.4,108.0
WSB,Washington Bullets,1986,vzhodna,Atlantska,39,43,103.0,104.8
NJN,New Jersey Nets,1986,vzhodna,Atlantska,39,43,109.1,111.1
NYK,New York Knicks,1986,vzhodna,Atlantska,23,59,98.7,104.3
MIL,Milwaukee Bucks,1986,vzhodna,Centralna,57,25,114.5,105.5
ATL,Atlanta Hawks,1986,vzhodna,Centralna,50,32,108.6,106.2
DET,Detroit Pistons,1986,vzhodna,Centralna,46,36,114.2,113.0
CHI,Chicago Bulls,1986,vzhodna,Centralna,30,52,109.3,113.1
CLE,Cleveland Cavaliers,1986,vzhodna,Centralna,29,53,107.8,110.6
IND,Indiana Pacers,1986,vzhodna,Centralna,26,56,103.9,107.2
HOU,Houston Rockets,1986,zahodna,Srednjezahodna,51,31,114.4,111.8
DEN,Denver Nuggets,1986,zahodna,Srednjezahodna,47,35,114.8,113.5
DAL,Dallas Mavericks,1986,zahodna,Srednjezahodna,44,38,115.3,114.2
UTA,Utah Jazz,1986,zahodna,Srednjezahodna,42,40,108.2,108.5
SAC,Sacramento Kings,1986,zahodna,Srednjezahodna,37,45,108.8,111.9
SAS,San Antonio Spurs,1986,zahodna,Srednjezahodna,35,47,111.2,113.1
LAL,Los Angeles Lakers,1986,zahodna,Pacifiška,62,20,117.3,109.5
POR,Portland Trail Blazers,1986,zahodna,Pacifiška,40,42,115.1,114.0
PHO,Phoenix Suns,1986,zahodna,Pacifiška,32,50,110.0,113.0
LAC,Los Angeles Clippers,1986,zahodna,Pacifiška,32,50,108.6,115.5
SEA,Seattle SuperSonics,1986,zahodna,Pacifiška,31,51,104.4,104.5
GSW,Golden State Warriors,1986,zahodna,Pacifiška,30,52,113.4,116.9
BOS,Boston Celtics,1987,vzhodna,Atlantska,59,23,112.6,106.0
PHI,Philadelphia 76ers,1987,vzhodna,Atlantska,45,37,106.5,106.6
WSB,Washington Bullets,1987,vzhodna,Atlantska,42,40,106.0,107.3
NJN,New Jersey Nets,1987,vzhodna,Atlantska,24,58,108.5,113.5
NYK,New York Knicks,1987,vzhodna,Atlantska,24,58,103.8,110.0
ATL,Atlanta Hawks,1987,vzhodna,Centralna,57,25,110.0,102.8
DET,Detroit Pistons,1987,vzhodna,Centralna,52,30,111.2,107.8
MIL,Milwaukee Bucks,1987,vzhodna,Centralna,50,32,110.4,106.5
IND,Indiana Pacers,1987,vzhodna,Centralna,41,41,106.1,106.7
CHI,Chicago Bulls,1987,vzhodna,Centralna,40,42,104.8,103.9
CLE,Cleveland Cavaliers,1987,vzhodna,Centralna,31,51,104.4,108.2
DAL,Dallas Mavericks,1987,zahodna,Srednjezahodna,55,27,116.7,110.4
UTA,Utah Jazz,1987,zahodna,Srednjezahodna,44,38,107.9,107.5
HOU,Houston Rockets,1987,zahodna,Srednjezahodna,42,40,106.9,105.9
DEN,Denver Nuggets,1987,zahodna,Srednjezahodna,37,45,116.7,117.6
SAC,Sacramento Kings,1987,zahodna,Srednjezahodna,29,53,110.9,114.1
SAS,San Antonio Spurs,1987,zahodna,Srednjezahodna,28,54,108.3,113.4
LAL,Los Angeles Lakers,1987,zahodna,Pacifiška,65,17,117.8,108.5
POR,Portland Trail Blazers,1987,zahodna,Pacifiška,49,33,117.9,114.8
GSW,Golden State Warriors,1987,zahodna,Pacifiška,42,40,112.0,114.4
SEA,Seattle SuperSonics,1987,zahodna,Pacifiška,39,43,113.7,113.3
PHO,Phoenix Suns,1987,zahodna,Pacifiška,36,46,111.1,113.5
LAC,Los Angeles Clippers,1987,zahodna,Pacifiška,12,70,104.5,115.9
BOS,Boston Celtics,1988,vzhodna,Atlantska,57,25,113.6,107.7
WSB,Washington Bullets,1988,vzhodna,Atlantska,38,44,105.5,106.3
NYK,New York Knicks,1988,vzhodna,Atlantska,38,44,105.5,106.0
PHI,Philadelphia 76ers,1988,vzhodna,Atlantska,36,46,105.7,107.1
NJN,New Jersey Nets,1988,vzhodna,Atlantska,19,63,100.4,108.5
DET,Detroit Pistons,1988,vzhodna,Centralna,54,28,109.2,104.1
CHI,Chicago Bulls,1988,vzhodna,Centralna,50,32,105.0,101.6
ATL,Atlanta Hawks,1988,vzhodna,Centralna,50,32,107.9,104.3
MIL,Milwaukee Bucks,1988,vzhodna,Centralna,42,40,106.1,105.5
CLE,Cleveland Cavaliers,1988,vzhodna,Centralna,42,40,104.5,103.7
IND,Indiana Pacers,1988,vzhodna,Centralna,38,44,104.6,105.4
DEN,Denver Nuggets,1988,zahodna,Srednjezahodna,54,28,116.7,112.7
DAL,Dallas Mavericks,1988,zahodna,Srednjezahodna,53,29,109.3,104.9
UTA,Utah Jazz,1988,zahodna,Srednjezahodna,47,35,108.5,104.8
HOU,Houston Rockets,1988,zahodna,Srednjezahodna,46,36,109.0,107.6
SAS,San Antonio Spurs,1988,zahodna,Srednjezahodna,31,51,113.6,118.5
SAC,Sacramento Kings,1988,zahodna,Srednjezahodna,24,58,108.0,113.7
LAL,Los Angeles Lakers,1988,zahodna,Pacifiška,62,20,112.8,107.0
POR,Portland Trail Blazers,1988,zahodna,Pacifiška,53,29,116.1,111.5
SEA,Seattle SuperSonics,1988,zahodna,Pacifiška,44,38,111.4,109.3
PHO,Phoenix Suns,1988,zahodna,Pacifiška,28,54,108.5,113.0
GSW,Golden State Warriors,1988,zahodna,Pacifiška,20,62,107.0,115.3
LAC,Los Angeles Clippers,1988,zahodna,Pacifiška,17,65,98.8,109.1
NYK,New York Knicks,1989,vzhodna,Atlantska,52,30,116.7,112.9
PHI,Philadelphia 76ers,1989,vzhodna,Atlantska,46,36,111.9,110.4
BOS,Boston Celtics,1989,vzhodna,Atlantska,42,40,109.2,108.1
WSB,Washington Bullets,1989,vzhodna,Atlantska,40,42,108.3,110.4
NJN,New Jersey Nets,1989,vzhodna,Atlantska,26,56,103.7,110.1
CHH,Charlotte Hornets,1989,vzhodna,Atlantska,20,62,104.5,113.0
DET,Detroit Pistons,1989,vzhodna,Centralna,63,19,106.6,100.8
CLE,Cleveland Cavaliers,1989,vzhodna,Centralna,57,25,108.8,101.2
ATL,Atlanta Hawks,1989,vzhodna,Centralna,52,30,111.0,106.1
MIL,Milwaukee Bucks,1989,vzhodna,Centralna,49,33,108.9,105.3
CHI,Chicago Bulls,1989,vzhodna,Centralna,47,35,106.4,105.0
IND,Indiana Pacers,1989,vzhodna,Centralna,28,54,106.9,111.1
UTA,Utah Jazz,1989,zahodna,Srednjezahodna,51,31,104.7,99.7
HOU,Houston Rockets,1989,zahodna,Srednjezahodna,45,37,108.5,107.5
DEN,Denver Nuggets,1989,zahodna,Srednjezahodna,44,38,118.0,116.3
DAL,Dallas Mavericks,1989,zahodna,Srednjezahodna,38,44,103.5,104.7
SAS,San Antonio Spurs,1989,zahodna,Srednjezahodna,21,61,105.5,112.8
MIA,Miami Heat,1989,zahodna,Srednjezahodna,15,67,97.8,109.0
LAL,Los Angeles Lakers,1989,zahodna,Pacifiška,57,25,114.7,107.5
PHO,Phoenix Suns,1989,zahodna,Pacifiška,55,27,118.6,110.9
SEA,Seattle SuperSonics,1989,zahodna,Pacifiška,47,35,112.1,109.2
GSW,Golden State Warriors,1989,zahodna,Pacifiška,43,39,116.6,116.9
POR,Portland Trail Blazers,1989,zahodna,Pacifiška,39,43,114.6,113.1
SAC,Sacramento Kings,1989,zahodna,Pacifiška,27,55,105.5,111.0
LAC,Los Angeles Clippers,1989,zahodna,Pacifiška,21,61,106.2,116.2
PHI,Philadelphia 76ers,1990,vzhodna,Atlantska,53,29,110.2,105.2
BOS,Boston Celtics,1990,vzhodna,Atlantska,52,30,110.0,106.0
NYK,New York Knicks,1990,vzhodna,Atlantska,45,37,108.3,106.9
WSB,Washington Bullets,1990,vzhodna,Atlantska,31,51,107.7,109.9
MIA,Miami Heat,1990,vzhodna,Atlantska,18,64,100.6,110.3
NJN,New Jersey Nets,1990,vzhodna,Atlantska,17,65,100.1,108.0
DET,Detroit Pistons,1990,vzhodna,Centralna,59,23,104.3,98.3
CHI,Chicago Bulls,1990,vzhodna,Centralna,55,27,109.5,106.2
MIL,Milwaukee Bucks,1990,vzhodna,Centralna,44,38,106.0,106.8
CLE,Cleveland Cavaliers,1990,vzhodna,Centralna,42,40,102.6,102.9
IND,Indiana Pacers,1990,vzhodna,Centralna,42,40,109.3,109.1
ATL,Atlanta Hawks,1990,vzhodna,Centralna,41,41,108.5,107.5
ORL,Orlando Magic,1990,vzhodna,Centralna,18,64,110.9,119.8
SAS,San Antonio Spurs,1990,zahodna,Srednjezahodna,56,26,106.3,102.8
UTA,Utah Jazz,1990,zahodna,Srednjezahodna,55,27,106.8,102.0
DAL,Dallas Mavericks,1990,zahodna,Srednjezahodna,47,35,102.2,102.2
DEN,Denver Nuggets,1990,zahodna,Srednjezahodna,43,39,114.6,113.2
HOU,Houston Rockets,1990,zahodna,Srednjezahodna,41,41,106.7,105.3
MIN,Minnesota Timberwolves,1990,zahodna,Srednjezahodna,22,60,95.2,99.4
CHH,Charlotte Hornets,1990,zahodna,Srednjezahodna,19,63,100.4,108.2
LAL,Los Angeles Lakers,1990,zahodna,Pacifiška,63,19,110.7,103.9
POR,Portland Trail Blazers,1990,zahodna,Pacifiška,59,23,114.2,107.9
PHO,Phoenix Suns,1990,zahodna,Pacifiška,54,28,114.9,107.8
SEA,Seattle SuperSonics,1990,zahodna,Pacifiška,41,41,106.9,105.9
GSW,Golden State Warriors,1990,zahodna,Pacifiška,37,45,116.3,119.4
LAC,Los Angeles Clippers,1990,zahodna,Pacifiška,30,52,103.8,107.2
SAC,Sacramento Kings,1990,zahodna,Pacifiška,23,59,101.7,106.8
BOS,Boston Celtics,1991,vzhodna,Atlantska,56,26,111.5,105.7
PHI,Philadelphia 76ers,1991,vzhodna,Atlantska,44,38,105.4,105.6
NYK,New York Knicks,1991,vzhodna,Atlantska,39,43,103.1,103.3
WSB,Washington Bullets,1991,vzhodna,Atlantska,30,52,101.4,106.4
NJN,New Jersey Nets,1991,vzhodna,Atlantska,26,56,102.9,107.5
MIA,Miami Heat,1991,vzhodna,Atlantska,24,58,101.8,107.8
CHI,Chicago Bulls,1991,vzhodna,Centralna,61,21,110.0,101.0
DET,Detroit Pistons,1991,vzhodna,Centralna,50,32,100.1,96.8
MIL,Milwaukee Bucks,1991,vzhodna,Centralna,48,34,106.4,104.0
ATL,Atlanta Hawks,1991,vzhodna,Centralna,43,39,109.8,109.0
IND,Indiana Pacers,1991,vzhodna,Centralna,41,41,111.7,112.1
CLE,Cleveland Cavaliers,1991,vzhodna,Centralna,33,49,101.7,104.2
CHH,Charlotte Hornets,1991,vzhodna,Centralna,26,56,102.8,108.0
SAS,San Antonio Spurs,1991,zahodna,Srednjezahodna,55,27,107.1,102.6
UTA,Utah Jazz,1991,zahodna,Srednjezahodna,54,28,104.0,100.7
HOU,Houston Rockets,1991,zahodna,Srednjezahodna,52,30,106.7,103.2
ORL,Orlando Magic,1991,zahodna,Srednjezahodna,31,51,105.9,109.9
MIN,Minnesota Timberwolves,1991,zahodna,Srednjezahodna,29,53,99.6,103.5
DAL,Dallas Mavericks,1991,zahodna,Srednjezahodna,28,54,99.9,104.5
DEN,Denver Nuggets,1991,zahodna,Srednjezahodna,20,62,119.9,130.8
POR,Portland Trail Blazers,1991,zahodna,Pacifiška,63,19,114.7,106.0
LAL,Los Angeles Lakers,1991,zahodna,Pacifiška,58,24,106.3,99.6
PHO,Phoenix Suns,1991,zahodna,Pacifiška,55,27,114.0,107.5
GSW,Golden State Warriors,1991,zahodna,Pacifiška,44,38,116.6,115.0
SEA,Seattle SuperSonics,1991,zahodna,Pacifiška,41,41,106.6,105.4
LAC,Los Angeles Clippers,1991,zahodna,Pacifiška,31,51,103.5,107.0
SAC,Sacramento Kings,1991,zahodna,Pacifiška,25,57,96.7,103.5
BOS,Boston Celtics,1992,vzhodna,Atlantska,51,31,106.6,103.0
NYK,New York Knicks,1992,vzhodna,Atlantska,51,31,101.6,97.7
NJN,New Jersey Nets,1992,vzhodna,Atlantska,40,42,105.4,107.1
MIA,Miami Heat,1992,vzhodna,Atlantska,38,44,105.0,109.2
PHI,Philadelphia 76ers,1992,vzhodna,Atlantska,35,47,101.9,103.2
WSB,Washington Bullets,1992,vzhodna,Atlantska,25,57,102.4,106.8
ORL,Orlando Magic,1992,vzhodna,Atlantska,21,61,101.6,108.5
CHI,Chicago Bulls,1992,vzhodna,Centralna,67,15,109.9,99.5
CLE,Cleveland Cavaliers,1992,vzhodna,Centralna,57,25,108.9,103.4
DET,Detroit Pistons,1992,vzhodna,Centralna,48,34,98.9,96.9
IND,Indiana Pacers,1992,vzhodna,Centralna,40,42,112.2,110.3
ATL,Atlanta Hawks,1992,vzhodna,Centralna,38,44,106.2,107.7
MIL,Milwaukee Bucks,1992,vzhodna,Centralna,31,51,105.0,106.7
CHH,Charlotte Hornets,1992,vzhodna,Centralna,31,51,109.5,113.4
UTA,Utah Jazz,1992,zahodna,Srednjezahodna,55,27,108.3,101.9
SAS,San Antonio Spurs,1992,zahodna,Srednjezahodna,47,35,104.0,100.6
HOU,Houston Rockets,1992,zahodna,Srednjezahodna,42,40,102.0,103.7
DEN,Denver Nuggets,1992,zahodna,Srednjezahodna,24,58,99.7,107.6
DAL,Dallas Mavericks,1992,zahodna,Srednjezahodna,22,60,97.6,105.3
MIN,Minnesota Timberwolves,1992,zahodna,Srednjezahodna,15,67,100.5,107.5
POR,Portland Trail Blazers,1992,zahodna,Pacifiška,57,25,111.4,104.1
GSW,Golden State Warriors,1992,zahodna,Pacifiška,55,27,118.7,114.8
PHO,Phoenix Suns,1992,zahodna,Pacifiška,53,29,112.1,106.2
SEA,Seattle SuperSonics,1992,zahodna,Pacifiška,47,35,106.5,104.7
LAC,Los Angeles Clippers,1992,zahodna,Pacifiška,45,37,102.9,101.9
LAL,Los Angeles Lakers,1992,zahodna,Pacifiška,43,39,100.4,101.5
SAC,Sacramento Kings,1992,zahodna,Pacifiška,29,53,104.3,110.3
NYK,New York Knicks,1993,vzhodna,Atlantska,60,22,101.6,95.4
BOS,Boston Celtics,1993,vzhodna,Atlantska,48,34,103.7,102.8
NJN,New Jersey Nets,1993,vzhodna,Atlantska,43,39,102.8,101.6
ORL,Orlando Magic,1993,vzhodna,Atlantska,41,41,105.5,104.2
MIA,Miami Heat,1993,vzhodna,Atlantska,36,46,103.6,104.7
PHI,Philadelphia 76ers,1993,vzhodna,Atlantska,26,56,104.3,110.1
WSB,Washington Bullets,1993,vzhodna,Atlantska,22,60,101.9,108.9
CHI,Chicago Bulls,1993,vzhodna,Centralna,57,25,105.2,98.9
CLE,Cleveland Cavaliers,1993,vzhodna,Centralna,54,28,107.7,101.3
CHH,Charlotte Hornets,1993,vzhodna,Centralna,44,38,110.1,110.4
ATL,Atlanta Hawks,1993,vzhodna,Centralna,43,39,107.5,108.4
IND,Indiana Pacers,1993,vzhodna,Centralna,41,41,107.8,106.1
DET,Detroit Pistons,1993,vzhodna,Centralna,40,42,100.6,102.0
MIL,Milwaukee Bucks,1993,vzhodna,Centralna,28,54,102.3,106.1
HOU,Houston Rockets,1993,zahodna,Srednjezahodna,55,27,104.0,99.8
SAS,San Antonio Spurs,1993,zahodna,Srednjezahodna,49,33,105.5,102.8
UTA,Utah Jazz,1993,zahodna,Srednjezahodna,47,35,106.2,104.0
DEN,Denver Nuggets,1993,zahodna,Srednjezahodna,36,46,105.2,106.9
MIN,Minnesota Timberwolves,1993,zahodna,Srednjezahodna,19,63,98.1,105.9
DAL,Dallas Mavericks,1993,zahodna,Srednjezahodna,11,71,99.3,114.5
PHO,Phoenix Suns,1993,zahodna,Pacifiška,62,20,113.4,106.7
SEA,Seattle SuperSonics,1993,zahodna,Pacifiška,55,27,108.3,101.3
POR,Portland Trail Blazers,1993,zahodna,Pacifiška,51,31,108.5,105.4
LAC,Los Angeles Clippers,1993,zahodna,Pacifiška,41,41,107.1,106.8
LAL,Los Angeles Lakers,1993,zahodna,Pacifiška,39,43,104.2,105.5
GSW,Golden State Warriors,1993,zahodna,Pacifiška,34,48,109.9,110.9
SAC,Sacramento Kings,1993,zahodna,Pacifiška,25,57,107.9,111.1
NYK,New York Knicks,1994,vzhodna,Atlantska,57,25,98.5,91.5
ORL,Orlando Magic,1994,vzhodna,Atlantska,50,32,105.7,101.8
NJN,New Jersey Nets,1994,vzhodna,Atlantska,45,37,103.2,101.0
MIA,Miami Heat,1994,vzhodna,Atlantska,42,40,103.4,100.7
BOS,Boston Celtics,1994,vzhodna,Atlantska,32,50,100.8,105.1
PHI,Philadelphia 76ers,1994,vzhodna,Atlantska,25,57,98.0,105.6
WSB,Washington Bullets,1994,vzhodna,Atlantska,24,58,100.4,107.7
ATL,Atlanta Hawks,1994,vzhodna,Centralna,57,25,101.4,96.2
CHI,Chicago Bulls,1994,vzhodna,Centralna,55,27,98.0,94.9
IND,Indiana Pacers,1994,vzhodna,Centralna,47,35,101.0,97.5
CLE,Cleveland Cavaliers,1994,vzhodna,Centralna,47,35,101.2,97.1
CHH,Charlotte Hornets,1994,vzhodna,Centralna,41,41,106.5,106.7
MIL,Milwaukee Bucks,1994,vzhodna,Centralna,20,62,96.9,103.4
DET,Detroit Pistons,1994,vzhodna,Centralna,20,62,96.9,104.7
HOU,Houston Rockets,1994,zahodna,Srednjezahodna,58,24,101.1,96.8
SAS,San Antonio Spurs,1994,zahodna,Srednjezahodna,55,27,100.0,94.8
UTA,Utah Jazz,1994,zahodna,Srednjezahodna,53,29,101.9,97.7
DEN,Denver Nuggets,1994,zahodna,Srednjezahodna,42,40,100.3,98.8
MIN,Minnesota Timberwolves,1994,zahodna,Srednjezahodna,20,62,96.7,103.6
DAL,Dallas Mavericks,1994,zahodna,Srednjezahodna,13,69,95.1,103.8
SEA,Seattle SuperSonics,1994,zahodna,Pacifiška,63,19,105.9,96.9
PHO,Phoenix Suns,1994,zahodna,Pacifiška,56,26,108.2,103.4
GSW,Golden State Warriors,1994,zahodna,Pacifiška,50,32,107.9,106.1
POR,Portland Trail Blazers,1994,zahodna,Pacifiška,47,35,107.3,104.6
LAL,Los Angeles Lakers,1994,zahodna,Pacifiška,33,49,100.4,104.7
SAC,Sacramento Kings,1994,zahodna,Pacifiška,28,54,101.1,106.9
LAC,Los Angeles Clippers,1994,zahodna,Pacifiška,27,55,103.0,108.7
ORL,Orlando Magic,1995,vzhodna,Atlantska,57,25,110.9,103.8
NYK,New York Knicks,1995,vzhodna,Atlantska,55,27,98.2,95.1
BOS,Boston Celtics,1995,vzhodna,Atlantska,35,47,102.8,104.7
MIA,Miami Heat,1995,vzhodna,Atlantska,32,50,101.1,102.8
NJN,New Jersey Nets,1995,vzhodna,Atlantska,30,52,98.1,101.2
PHI,Philadelphia 76ers,1995,vzhodna,Atlantska,24,58,95.4,100.4
WSB,Washington Bullets,1995,vzhodna,Atlantska,21,61,100.5,106.1
IND,Indiana Pacers,1995,vzhodna,Centralna,52,30,99.2,95.5
CHH,Charlotte Hornets,1995,vzhodna,Centralna,50,32,100.6,97.3
CHI,Chicago Bulls,1995,vzhodna,Centralna,47,35,101.5,96.7
CLE,Cleveland Cavaliers,1995,vzhodna,Centralna,43,39,90.5,89.8
ATL,Atlanta Hawks,1995,vzhodna,Centralna,42,40,96.6,95.3
MIL,Milwaukee Bucks,1995,vzhodna,Centralna,34,48,99.3,103.7
DET,Detroit Pistons,1995,vzhodna,Centralna,28,54,98.2,105.5
SAS,San Antonio Spurs,1995,zahodna,Srednjezahodna,62,20,106.6,100.6
UTA,Utah Jazz,1995,zahodna,Srednjezahodna,60,22,106.4,98.4
HOU,Houston Rockets,1995,zahodna,Srednjezahodna,47,35,103.5,101.4
DEN,Denver Nuggets,1995,zahodna,Srednjezahodna,41,41,101.3,100.5
DAL,Dallas Mavericks,1995,zahodna,Srednjezahodna,36,46,103.2,106.1
MIN,Minnesota Timberwolves,1995,zahodna,Srednjezahodna,21,61,94.2,103.2
PHO,Phoenix Suns,1995,zahodna,Pacifiška,59,23,110.6,106.8
SEA,Seattle SuperSonics,1995,zahodna,Pacifiška,57,25,110.4,102.2
LAL,Los Angeles Lakers,1995,zahodna,Pacifiška,48,34,105.1,105.3
POR,Portland Trail Blazers,1995,zahodna,Pacifiška,44,38,103.1,99.2
SAC,Sacramento Kings,1995,zahodna,Pacifiška,39,43,98.2,99.2
GSW,Golden State Warriors,1995,zahodna,Pacifiška,26,56,105.7,111.1
LAC,Los Angeles Clippers,1995,zahodna,Pacifiška,17,65,96.7,105.8
ORL,Orlando Magic,1996,vzhodna,Atlantska,60,22,104.5,99.0
NYK,New York Knicks,1996,vzhodna,Atlantska,47,35,97.2,94.9
MIA,Miami Heat,1996,vzhodna,Atlantska,42,40,96.5,95.0
WSB,Washington Bullets,1996,vzhodna,Atlantska,39,43,102.5,101.5
BOS,Boston Celtics,1996,vzhodna,Atlantska,33,49,103.6,107.0
NJN,New Jersey Nets,1996,vzhodna,Atlantska,30,52,93.7,97.9
PHI,Philadelphia 76ers,1996,vzhodna,Atlantska,18,64,94.5,104.5
CHI,Chicago Bulls,1996,vzhodna,Centralna,72,10,105.2,92.9
IND,Indiana Pacers,1996,vzhodna,Centralna,52,30,99.3,96.1
CLE,Cleveland Cavaliers,1996,vzhodna,Centralna,47,35,91.1,88.5
ATL,Atlanta Hawks,1996,vzhodna,Centralna,46,36,98.3,97.1
DET,Detroit Pistons,1996,vzhodna,Centralna,46,36,95.4,92.9
CHH,Charlotte Hornets,1996,vzhodna,Centralna,41,41,102.8,103.4
MIL,Milwaukee Bucks,1996,vzhodna,Centralna,25,57,95.6,100.9
TOR,Toronto Raptors,1996,vzhodna,Centralna,21,61,97.5,105.0
SAS,San Antonio Spurs,1996,zahodna,Srednjezahodna,59,23,103.4,97.1
UTA,Utah Jazz,1996,zahodna,Srednjezahodna,55,27,102.5,95.9
HOU,Houston Rockets,1996,zahodna,Srednjezahodna,48,34,102.5,100.7
DEN,Denver Nuggets,1996,zahodna,Srednjezahodna,35,47,97.7,100.4
MIN,Minnesota Timberwolves,1996,zahodna,Srednjezahodna,26,56,97.9,103.2
DAL,Dallas Mavericks,1996,zahodna,Srednjezahodna,26,56,102.5,107.5
VAN,Vancouver Grizzlies,1996,zahodna,Srednjezahodna,15,67,89.8,99.8
SEA,Seattle SuperSonics,1996,zahodna,Pacifiška,64,18,104.5,96.7
LAL,Los Angeles Lakers,1996,zahodna,Pacifiška,53,29,102.9,98.5
POR,Portland Trail Blazers,1996,zahodna,Pacifiška,44,38,99.3,97.0
PHO,Phoenix Suns,1996,zahodna,Pacifiška,41,41,104.3,104.0
SAC,Sacramento Kings,1996,zahodna,Pacifiška,39,43,99.5,102.3
GSW,Golden State Warriors,1996,zahodna,Pacifiška,36,46,101.6,103.1
LAC,Los Angeles Clippers,1996,zahodna,Pacifiška,29,53,99.4,103.0
MIA,Miami Heat,1997,vzhodna,Atlantska,61,21,94.8,89.3
NYK,New York Knicks,1997,vzhodna,Atlantska,57,25,95.4,92.2
ORL,Orlando Magic,1997,vzhodna,Atlantska,45,37,94.1,94.5
WSB,Washington Bullets,1997,vzhodna,Atlantska,44,38,99.4,97.7
NJN,New Jersey Nets,1997,vzhodna,Atlantska,26,56,97.2,101.8
PHI,Philadelphia 76ers,1997,vzhodna,Atlantska,22,60,100.2,106.7
BOS,Boston Celtics,1997,vzhodna,Atlantska,15,67,100.6,107.9
CHI,Chicago Bulls,1997,vzhodna,Centralna,69,13,103.1,92.3
ATL,Atlanta Hawks,1997,vzhodna,Centralna,56,26,94.8,89.4
DET,Detroit Pistons,1997,vzhodna,Centralna,54,28,94.2,88.9
CHH,Charlotte Hornets,1997,vzhodna,Centralna,54,28,98.9,97.0
CLE,Cleveland Cavaliers,1997,vzhodna,Centralna,42,40,87.5,85.6
IND,Indiana Pacers,1997,vzhodna,Centralna,39,43,95.4,94.4
MIL,Milwaukee Bucks,1997,vzhodna,Centralna,33,49,95.3,97.2
TOR,Toronto Raptors,1997,vzhodna,Centralna,30,52,95.5,98.6
UTA,Utah Jazz,1997,zahodna,Srednjezahodna,64,18,103.1,94.3
HOU,Houston Rockets,1997,zahodna,Srednjezahodna,57,25,100.6,96.1
MIN,Minnesota Timberwolves,1997,zahodna,Srednjezahodna,40,42,96.1,97.6
DAL,Dallas Mavericks,1997,zahodna,Srednjezahodna,24,58,90.6,97.0
DEN,Denver Nuggets,1997,zahodna,Srednjezahodna,21,61,97.8,104.1
SAS,San Antonio Spurs,1997,zahodna,Srednjezahodna,20,62,90.5,98.3
VAN,Vancouver Grizzlies,1997,zahodna,Srednjezahodna,14,68,89.2,99.4
SEA,Seattle SuperSonics,1997,zahodna,Pacifiška,57,25,100.9,93.2
LAL,Los Angeles Lakers,1997,zahodna,Pacifiška,56,26,100.0,95.7
POR,Portland Trail Blazers,1997,zahodna,Pacifiška,49,33,99.0,94.8
PHO,Phoenix Suns,1997,zahodna,Pacifiška,40,42,102.8,102.2
LAC,Los Angeles Clippers,1997,zahodna,Pacifiška,36,46,97.2,99.5
SAC,Sacramento Kings,1997,zahodna,Pacifiška,34,48,96.4,99.8
GSW,Golden State Warriors,1997,zahodna,Pacifiška,30,52,99.6,104.4
MIA,Miami Heat,1998,vzhodna,Atlantska,55,27,95.0,90.0
NYK,New York Knicks,1998,vzhodna,Atlantska,43,39,91.6,89.1
NJN,New Jersey Nets,1998,vzhodna,Atlantska,43,39,99.6,98.1
WAS,Washington Wizards,1998,vzhodna,Atlantska,42,40,97.2,96.6
ORL,Orlando Magic,1998,vzhodna,Atlantska,41,41,90.1,91.2
BOS,Boston Celtics,1998,vzhodna,Atlantska,36,46,95.9,98.5
PHI,Philadelphia 76ers,1998,vzhodna,Atlantska,31,51,93.3,95.7
CHI,Chicago Bulls,1998,vzhodna,Centralna,62,20,96.7,89.6
IND,Indiana Pacers,1998,vzhodna,Centralna,58,24,96.0,89.9
CHH,Charlotte Hornets,1998,vzhodna,Centralna,51,31,96.6,94.6
ATL,Atlanta Hawks,1998,vzhodna,Centralna,50,32,95.9,92.3
CLE,Cleveland Cavaliers,1998,vzhodna,Centralna,47,35,92.5,89.8
DET,Detroit Pistons,1998,vzhodna,Centralna,37,45,94.2,92.6
MIL,Milwaukee Bucks,1998,vzhodna,Centralna,36,46,94.5,96.4
TOR,Toronto Raptors,1998,vzhodna,Centralna,16,66,94.9,104.2
UTA,Utah Jazz,1998,zahodna,Srednjezahodna,62,20,101.0,94.4
SAS,San Antonio Spurs,1998,zahodna,Srednjezahodna,56,26,92.5,88.5
MIN,Minnesota Timberwolves,1998,zahodna,Srednjezahodna,45,37,101.1,100.4
HOU,Houston Rockets,1998,zahodna,Srednjezahodna,41,41,98.8,99.5
DAL,Dallas Mavericks,1998,zahodna,Srednjezahodna,20,62,91.4,97.5
VAN,Vancouver Grizzlies,1998,zahodna,Srednjezahodna,19,63,96.6,103.9
DEN,Denver Nuggets,1998,zahodna,Srednjezahodna,11,71,89.0,100.8
SEA,Seattle SuperSonics,1998,zahodna,Pacifiška,61,21,100.6,93.4
LAL,Los Angeles Lakers,1998,zahodna,Pacifiška,61,21,105.5,97.8
PHO,Phoenix Suns,1998,zahodna,Pacifiška,56,26,99.6,94.4
POR,Portland Trail Blazers,1998,zahodna,Pacifiška,46,36,94.3,92.9
SAC,Sacramento Kings,1998,zahodna,Pacifiška,27,55,93.1,98.7
GSW,Golden State Warriors,1998,zahodna,Pacifiška,19,63,88.3,97.4
LAC,Los Angeles Clippers,1998,zahodna,Pacifiška,17,65,95.9,103.3
MIA,Miami Heat,1999,vzhodna,Atlantska,33,17,89.0,84.0
ORL,Orlando Magic,1999,vzhodna,Atlantska,33,17,89.5,86.9
PHI,Philadelphia 76ers,1999,vzhodna,Atlantska,28,22,89.7,87.6
NYK,New York Knicks,1999,vzhodna,Atlantska,27,23,86.4,85.4
BOS,Boston Celtics,1999,vzhodna,Atlantska,19,31,93.0,94.9
WAS,Washington Wizards,1999,vzhodna,Atlantska,18,32,91.2,93.4
NJN,New Jersey Nets,1999,vzhodna,Atlantska,16,34,91.4,95.2
IND,Indiana Pacers,1999,vzhodna,Centralna,33,17,94.7,90.9
ATL,Atlanta Hawks,1999,vzhodna,Centralna,31,19,86.3,83.4
DET,Detroit Pistons,1999,vzhodna,Centralna,29,21,90.4,86.9
MIL,Milwaukee Bucks,1999,vzhodna,Centralna,28,22,91.7,90.0
CHH,Charlotte Hornets,1999,vzhodna,Centralna,26,24,92.9,93.0
TOR,Toronto Raptors,1999,vzhodna,Centralna,23,27,91.1,92.8
CLE,Cleveland Cavaliers,1999,vzhodna,Centralna,22,28,86.4,88.2
CHI,Chicago Bulls,1999,vzhodna,Centralna,13,37,81.9,91.4
SAS,San Antonio Spurs,1999,zahodna,Srednjezahodna,37,13,92.8,84.7
UTA,Utah Jazz,1999,zahodna,Srednjezahodna,37,13,93.3,86.8
HOU,Houston Rockets,1999,zahodna,Srednjezahodna,31,19,94.2,91.9
MIN,Minnesota Timberwolves,1999,zahodna,Srednjezahodna,25,25,92.9,92.6
DAL,Dallas Mavericks,1999,zahodna,Srednjezahodna,19,31,91.6,94.0
DEN,Denver Nuggets,1999,zahodna,Srednjezahodna,14,36,93.5,100.1
VAN,Vancouver Grizzlies,1999,zahodna,Srednjezahodna,8,42,88.9,97.5
POR,Portland Trail Blazers,1999,zahodna,Pacifiška,35,15,94.8,88.5
LAL,Los Angeles Lakers,1999,zahodna,Pacifiška,31,19,99.0,96.0
PHO,Phoenix Suns,1999,zahodna,Pacifiška,27,23,95.6,93.3
SAC,Sacramento Kings,1999,zahodna,Pacifiška,27,23,100.2,100.6
SEA,Seattle SuperSonics,1999,zahodna,Pacifiška,25,25,94.9,95.9
GSW,Golden State Warriors,1999,zahodna,Pacifiška,21,29,88.3,90.8
LAC,Los Angeles Clippers,1999,zahodna,Pacifiška,9,41,90.4,99.2
MIA,Miami Heat,2000,vzhodna,Atlantska,52,30,94.4,91.3
NYK,New York Knicks,2000,vzhodna,Atlantska,50,32,92.1,90.7
PHI,Philadelphia 76ers,2000,vzhodna,Atlantska,49,33,94.8,93.4
ORL,Orlando Magic,2000,vzhodna,Atlantska,41,41,100.1,99.4
BOS,Boston Celtics,2000,vzhodna,Atlantska,35,47,99.3,100.1
NJN,New Jersey Nets,2000,vzhodna,Atlantska,31,51,98.0,99.0
WAS,Washington Wizards,2000,vzhodna,Atlantska,29,53,96.6,99.9
IND,Indiana Pacers,2000,vzhodna,Centralna,56,26,101.3,96.7
CHH,Charlotte Hornets,2000,vzhodna,Centralna,49,33,98.4,95.8
TOR,Toronto Raptors,2000,vzhodna,Centralna,45,37,97.2,97.3
DET,Detroit Pistons,2000,vzhodna,Centralna,42,40,103.5,102.0
MIL,Milwaukee Bucks,2000,vzhodna,Centralna,42,40,101.2,101.0
CLE,Cleveland Cavaliers,2000,vzhodna,Centralna,32,50,97.0,100.5
ATL,Atlanta Hawks,2000,vzhodna,Centralna,28,54,94.3,99.7
CHI,Chicago Bulls,2000,vzhodna,Centralna,17,65,84.8,94.2
UTA,Utah Jazz,2000,zahodna,Srednjezahodna,55,27,96.5,92.0
SAS,San Antonio Spurs,2000,zahodna,Srednjezahodna,53,29,96.2,90.2
MIN,Minnesota Timberwolves,2000,zahodna,Srednjezahodna,50,32,98.5,96.0
DAL,Dallas Mavericks,2000,zahodna,Srednjezahodna,40,42,101.4,102.0
DEN,Denver Nuggets,2000,zahodna,Srednjezahodna,35,47,99.0,101.1
HOU,Houston Rockets,2000,zahodna,Srednjezahodna,34,48,99.5,100.3
VAN,Vancouver Grizzlies,2000,zahodna,Srednjezahodna,22,60,93.9,99.5
LAL,Los Angeles Lakers,2000,zahodna,Pacifiška,67,15,100.8,92.3
POR,Portland Trail Blazers,2000,zahodna,Pacifiška,59,23,97.5,91.0
PHO,Phoenix Suns,2000,zahodna,Pacifiška,53,29,98.9,93.7
SEA,Seattle SuperSonics,2000,zahodna,Pacifiška,45,37,99.1,98.1
SAC,Sacramento Kings,2000,zahodna,Pacifiška,44,38,105.0,102.0
GSW,Golden State Warriors,2000,zahodna,Pacifiška,19,63,95.5,103.8
LAC,Los Angeles Clippers,2000,zahodna,Pacifiška,15,67,92.0,103.5
PHI,Philadelphia 76ers,2001,vzhodna,Atlantska,56,26,94.7,90.4
MIA,Miami Heat,2001,vzhodna,Atlantska,50,32,88.9,86.6
NYK,New York Knicks,2001,vzhodna,Atlantska,48,34,88.7,86.1
ORL,Orlando Magic,2001,vzhodna,Atlantska,43,39,97.5,96.5
BOS,Boston Celtics,2001,vzhodna,Atlantska,36,46,94.6,96.8
NJN,New Jersey Nets,2001,vzhodna,Atlantska,26,56,92.1,97.1
WAS,Washington Wizards,2001,vzhodna,Atlantska,19,63,93.2,99.9
MIL,Milwaukee Bucks,2001,vzhodna,Centralna,52,30,100.7,96.9
TOR,Toronto Raptors,2001,vzhodna,Centralna,47,35,97.6,95.4
CHH,Charlotte Hornets,2001,vzhodna,Centralna,46,36,91.9,89.8
IND,Indiana Pacers,2001,vzhodna,Centralna,41,41,92.6,92.8
DET,Detroit Pistons,2001,vzhodna,Centralna,32,50,95.6,97.3
CLE,Cleveland Cavaliers,2001,vzhodna,Centralna,30,52,92.2,96.5
ATL,Atlanta Hawks,2001,vzhodna,Centralna,25,57,91.0,96.2
CHI,Chicago Bulls,2001,vzhodna,Centralna,15,67,87.6,96.7
SAS,San Antonio Spurs,2001,zahodna,Srednjezahodna,58,24,96.2,88.4
UTA,Utah Jazz,2001,zahodna,Srednjezahodna,53,29,97.1,92.4
DAL,Dallas Mavericks,2001,zahodna,Srednjezahodna,53,29,100.5,96.2
MIN,Minnesota Timberwolves,2001,zahodna,Srednjezahodna,47,35,97.3,96.0
HOU,Houston Rockets,2001,zahodna,Srednjezahodna,45,37,97.2,94.9
DEN,Denver Nuggets,2001,zahodna,Srednjezahodna,40,42,96.6,99.0
VAN,Vancouver Grizzlies,2001,zahodna,Srednjezahodna,23,59,91.7,97.5
LAL,Los Angeles Lakers,2001,zahodna,Pacifiška,56,26,100.6,97.2
SAC,Sacramento Kings,2001,zahodna,Pacifiška,55,27,101.7,95.9
PHO,Phoenix Suns,2001,zahodna,Pacifiška,51,31,94.0,91.8
POR,Portland Trail Blazers,2001,zahodna,Pacifiška,50,32,95.4,91.2
SEA,Seattle SuperSonics,2001,zahodna,Pacifiška,44,38,97.3,97.3
LAC,Los Angeles Clippers,2001,zahodna,Pacifiška,31,51,92.5,95.3
GSW,Golden State Warriors,2001,zahodna,Pacifiška,17,65,92.5,101.5
NJN,New Jersey Nets,2002,vzhodna,Atlantska,52,30,96.2,92.0
BOS,Boston Celtics,2002,vzhodna,Atlantska,49,33,96.4,94.1
ORL,Orlando Magic,2002,vzhodna,Atlantska,44,38,100.5,98.9
PHI,Philadelphia 76ers,2002,vzhodna,Atlantska,43,39,91.0,89.4
WAS,Washington Wizards,2002,vzhodna,Atlantska,37,45,92.8,94.2
MIA,Miami Heat,2002,vzhodna,Atlantska,36,46,87.2,88.7
NYK,New York Knicks,2002,vzhodna,Atlantska,30,52,91.6,95.6
DET,Detroit Pistons,2002,vzhodna,Centralna,50,32,94.3,92.2
CHH,Charlotte Hornets,2002,vzhodna,Centralna,44,38,93.9,92.9
TOR,Toronto Raptors,2002,vzhodna,Centralna,42,40,91.4,91.8
IND,Indiana Pacers,2002,vzhodna,Centralna,42,40,96.8,96.5
MIL,Milwaukee Bucks,2002,vzhodna,Centralna,41,41,97.5,97.7
ATL,Atlanta Hawks,2002,vzhodna,Centralna,33,49,94.0,98.3
CLE,Cleveland Cavaliers,2002,vzhodna,Centralna,29,53,95.3,98.6
CHI,Chicago Bulls,2002,vzhodna,Centralna,21,61,89.5,98.0
SAS,San Antonio Spurs,2002,zahodna,Srednjezahodna,58,24,96.7,90.5
DAL,Dallas Mavericks,2002,zahodna,Srednjezahodna,57,25,105.2,101.0
MIN,Minnesota Timberwolves,2002,zahodna,Srednjezahodna,50,32,99.3,96.0
UTA,Utah Jazz,2002,zahodna,Srednjezahodna,44,38,96.0,95.1
HOU,Houston Rockets,2002,zahodna,Srednjezahodna,28,54,92.3,97.2
DEN,Denver Nuggets,2002,zahodna,Srednjezahodna,27,55,92.2,98.0
MEM,Memphis Grizzlies,2002,zahodna,Srednjezahodna,23,59,89.9,97.3
SAC,Sacramento Kings,2002,zahodna,Pacifiška,61,21,104.6,97.0
LAL,Los Angeles Lakers,2002,zahodna,Pacifiška,58,24,101.3,94.1
POR,Portland Trail Blazers,2002,zahodna,Pacifiška,49,33,96.6,93.7
SEA,Seattle SuperSonics,2002,zahodna,Pacifiška,45,37,97.7,94.7
LAC,Los Angeles Clippers,2002,zahodna,Pacifiška,39,43,95.7,96.1
PHO,Phoenix Suns,2002,zahodna,Pacifiška,36,46,95.1,95.8
GSW,Golden State Warriors,2002,zahodna,Pacifiška,21,61,97.7,103.1
NJN,New Jersey Nets,2003,vzhodna,Atlantska,49,33,95.4,90.1
PHI,Philadelphia 76ers,2003,vzhodna,Atlantska,48,34,96.8,94.5
BOS,Boston Celtics,2003,vzhodna,Atlantska,44,38,92.7,93.1
ORL,Orlando Magic,2003,vzhodna,Atlantska,42,40,98.5,98.4
WAS,Washington Wizards,2003,vzhodna,Atlantska,37,45,91.5,92.5
NYK,New York Knicks,2003,vzhodna,Atlantska,37,45,95.9,97.2
MIA,Miami Heat,2003,vzhodna,Atlantska,25,57,85.6,90.6
DET,Detroit Pistons,2003,vzhodna,Centralna,50,32,91.4,87.7
IND,Indiana Pacers,2003,vzhodna,Centralna,48,34,96.8,93.3
NOH,New Orleans Hornets,2003,vzhodna,Centralna,47,35,93.9,91.8
MIL,Milwaukee Bucks,2003,vzhodna,Centralna,42,40,99.5,99.3
ATL,Atlanta Hawks,2003,vzhodna,Centralna,35,47,94.1,97.6
CHI,Chicago Bulls,2003,vzhodna,Centralna,30,52,95.0,100.1
TOR,Toronto Raptors,2003,vzhodna,Centralna,24,58,90.9,96.8
CLE,Cleveland Cavaliers,2003,vzhodna,Centralna,17,65,91.4,101.0
SAS,San Antonio Spurs,2003,zahodna,Srednjezahodna,60,22,95.8,90.4
DAL,Dallas Mavericks,2003,zahodna,Srednjezahodna,60,22,103.0,95.2
MIN,Minnesota Timberwolves,2003,zahodna,Srednjezahodna,51,31,98.1,96.0
UTA,Utah Jazz,2003,zahodna,Srednjezahodna,47,35,94.7,92.3
HOU,Houston Rockets,2003,zahodna,Srednjezahodna,43,39,93.8,92.3
MEM,Memphis Grizzlies,2003,zahodna,Srednjezahodna,28,54,97.5,100.7
DEN,Denver Nuggets,2003,zahodna,Srednjezahodna,17,65,84.2,92.4
SAC,Sacramento Kings,2003,zahodna,Pacifiška,59,23,101.7,95.2
LAL,Los Angeles Lakers,2003,zahodna,Pacifiška,50,32,100.4,98.0
POR,Portland Trail Blazers,2003,zahodna,Pacifiška,50,32,95.2,92.5
PHO,Phoenix Suns,2003,zahodna,Pacifiška,44,38,95.5,94.4
SEA,Seattle SuperSonics,2003,zahodna,Pacifiška,40,42,92.1,92.3
GSW,Golden State Warriors,2003,zahodna,Pacifiška,38,44,102.4,103.6
LAC,Los Angeles Clippers,2003,zahodna,Pacifiška,27,55,93.8,97.9
NJN,New Jersey Nets,2004,vzhodna,Atlantska,47,35,90.3,87.8
MIA,Miami Heat,2004,vzhodna,Atlantska,42,40,90.3,89.7
NYK,New York Knicks,2004,vzhodna,Atlantska,39,43,92.0,93.5
BOS,Boston Celtics,2004,vzhodna,Atlantska,36,46,95.3,96.7
PHI,Philadelphia 76ers,2004,vzhodna,Atlantska,33,49,88.0,90.5
WAS,Washington Wizards,2004,vzhodna,Atlantska,25,57,91.8,97.4
ORL,Orlando Magic,2004,vzhodna,Atlantska,21,61,94.0,101.1
IND,Indiana Pacers,2004,vzhodna,Centralna,61,21,91.4,85.6
DET,Detroit Pistons,2004,vzhodna,Centralna,54,28,90.1,84.3
NOH,New Orleans Hornets,2004,vzhodna,Centralna,41,41,91.8,91.9
MIL,Milwaukee Bucks,2004,vzhodna,Centralna,41,41,98.0,97.0
CLE,Cleveland Cavaliers,2004,vzhodna,Centralna,35,47,92.9,95.5
TOR,Toronto Raptors,2004,vzhodna,Centralna,33,49,85.4,88.5
ATL,Atlanta Hawks,2004,vzhodna,Centralna,28,54,92.8,97.5
CHI,Chicago Bulls,2004,vzhodna,Centralna,23,59,89.7,96.0
MIN,Minnesota Timberwolves,2004,zahodna,Srednjezahodna,58,24,94.5,89.1
SAS,San Antonio Spurs,2004,zahodna,Srednjezahodna,57,25,91.5,84.3
DAL,Dallas Mavericks,2004,zahodna,Srednjezahodna,52,30,105.2,100.8
MEM,Memphis Grizzlies,2004,zahodna,Srednjezahodna,50,32,96.7,94.3
HOU,Houston Rockets,2004,zahodna,Srednjezahodna,45,37,89.8,88.0
DEN,Denver Nuggets,2004,zahodna,Srednjezahodna,43,39,97.2,96.1
UTA,Utah Jazz,2004,zahodna,Srednjezahodna,42,40,88.7,89.9
LAL,Los Angeles Lakers,2004,zahodna,Pacifiška,56,26,98.2,94.3
SAC,Sacramento Kings,2004,zahodna,Pacifiška,55,27,102.8,97.8
POR,Portland Trail Blazers,2004,zahodna,Pacifiška,41,41,90.7,92.0
GSW,Golden State Warriors,2004,zahodna,Pacifiška,37,45,93.3,94.0
SEA,Seattle SuperSonics,2004,zahodna,Pacifiška,37,45,97.1,97.8
PHO,Phoenix Suns,2004,zahodna,Pacifiška,29,53,94.2,97.9
LAC,Los Angeles Clippers,2004,zahodna,Pacifiška,28,54,94.8,99.4
BOS,Boston Celtics,2005,vzhodna,Atlantska,45,37,101.3,100.4
PHI,Philadelphia 76ers,2005,vzhodna,Atlantska,43,39,99.1,99.9
NJN,New Jersey Nets,2005,vzhodna,Atlantska,42,40,91.4,92.9
TOR,Toronto Raptors,2005,vzhodna,Atlantska,33,49,99.7,101.4
NYK,New York Knicks,2005,vzhodna,Atlantska,33,49,97.3,99.7
DET,Detroit Pistons,2005,vzhodna,Centralna,54,28,93.3,89.5
CHI,Chicago Bulls,2005,vzhodna,Centralna,47,35,94.5,93.4
IND,Indiana Pacers,2005,vzhodna,Centralna,44,38,93.0,92.2
CLE,Cleveland Cavaliers,2005,vzhodna,Centralna,42,40,96.5,95.7
MIL,Milwaukee Bucks,2005,vzhodna,Centralna,30,52,97.2,100.2
MIA,Miami Heat,2005,vzhodna,Jugovzhodna,59,23,101.5,95.0
WAS,Washington Wizards,2005,vzhodna,Jugovzhodna,45,37,100.5,100.8
ORL,Orlando Magic,2005,vzhodna,Jugovzhodna,36,46,99.5,101.8
CHA,Charlotte Bobcats,2005,vzhodna,Jugovzhodna,18,64,94.3,100.2
ATL,Atlanta Hawks,2005,vzhodna,Jugovzhodna,13,69,92.7,102.5
SEA,Seattle SuperSonics,2005,zahodna,Severozahodna,52,30,98.9,96.6
DEN,Denver Nuggets,2005,zahodna,Severozahodna,49,33,99.5,97.5
MIN,Minnesota Timberwolves,2005,zahodna,Severozahodna,44,38,96.8,95.3
POR,Portland Trail Blazers,2005,zahodna,Severozahodna,27,55,92.9,96.9
UTA,Utah Jazz,2005,zahodna,Severozahodna,26,56,93.0,97.3
PHO,Phoenix Suns,2005,zahodna,Pacifiška,62,20,110.4,103.3
SAC,Sacramento Kings,2005,zahodna,Pacifiška,50,32,103.7,101.6
LAC,Los Angeles Clippers,2005,zahodna,Pacifiška,37,45,95.7,96.5
LAL,Los Angeles Lakers,2005,zahodna,Pacifiška,34,48,98.7,101.7
GSW,Golden State Warriors,2005,zahodna,Pacifiška,34,48,98.7,100.9
SAS,San Antonio Spurs,2005,zahodna,Jugozahodna,59,23,96.2,88.4
DAL,Dallas Mavericks,2005,zahodna,Jugozahodna,58,24,102.5,96.8
HOU,Houston Rockets,2005,zahodna,Jugozahodna,51,31,95.1,91.0
MEM,Memphis Grizzlies,2005,zahodna,Jugozahodna,45,37,93.4,91.1
NOH,New Orleans Hornets,2005,zahodna,Jugozahodna,18,64,88.4,95.5
NJN,New Jersey Nets,2006,vzhodna,Atlantska,49,33,93.8,92.4
PHI,Philadelphia 76ers,2006,vzhodna,Atlantska,38,44,99.4,101.3
BOS,Boston Celtics,2006,vzhodna,Atlantska,33,49,98.0,99.5
TOR,Toronto Raptors,2006,vzhodna,Atlantska,27,55,101.1,104.0
NYK,New York Knicks,2006,vzhodna,Atlantska,23,59,95.6,102.0
DET,Detroit Pistons,2006,vzhodna,Centralna,64,18,96.8,90.2
CLE,Cleveland Cavaliers,2006,vzhodna,Centralna,50,32,97.6,95.4
IND,Indiana Pacers,2006,vzhodna,Centralna,41,41,93.9,92.0
CHI,Chicago Bulls,2006,vzhodna,Centralna,41,41,97.8,97.2
MIL,Milwaukee Bucks,2006,vzhodna,Centralna,40,42,97.8,98.8
MIA,Miami Heat,2006,vzhodna,Jugovzhodna,52,30,99.9,96.0
WAS,Washington Wizards,2006,vzhodna,Jugovzhodna,42,40,101.7,99.8
ORL,Orlando Magic,2006,vzhodna,Jugovzhodna,36,46,94.9,96.0
CHA,Charlotte Bobcats,2006,vzhodna,Jugovzhodna,26,56,96.9,100.9
ATL,Atlanta Hawks,2006,vzhodna,Jugovzhodna,26,56,97.2,102.0
DEN,Denver Nuggets,2006,zahodna,Severozahodna,44,38,100.3,100.1
UTA,Utah Jazz,2006,zahodna,Severozahodna,41,41,92.4,95.0
SEA,Seattle SuperSonics,2006,zahodna,Severozahodna,35,47,102.6,105.6
MIN,Minnesota Timberwolves,2006,zahodna,Severozahodna,33,49,91.7,93.6
POR,Portland Trail Blazers,2006,zahodna,Severozahodna,21,61,88.8,98.3
PHO,Phoenix Suns,2006,zahodna,Pacifiška,54,28,108.4,102.8
LAC,Los Angeles Clippers,2006,zahodna,Pacifiška,47,35,97.2,95.6
LAL,Los Angeles Lakers,2006,zahodna,Pacifiška,45,37,99.4,96.9
SAC,Sacramento Kings,2006,zahodna,Pacifiška,44,38,98.9,97.3
GSW,Golden State Warriors,2006,zahodna,Pacifiška,34,48,98.5,99.8
SAS,San Antonio Spurs,2006,zahodna,Jugozahodna,63,19,95.6,88.8
DAL,Dallas Mavericks,2006,zahodna,Jugozahodna,60,22,99.1,93.1
MEM,Memphis Grizzlies,2006,zahodna,Jugozahodna,49,33,92.2,88.5
NOK,New Orleans/Oklahoma City Hornets,2006,zahodna,Jugozahodna,38,44,92.8,95.6
HOU,Houston Rockets,2006,zahodna,Jugozahodna,34,48,90.1,91.7
TOR,Toronto Raptors,2007,vzhodna,Atlantska,47,35,99.5,98.5
NJN,New Jersey Nets,2007,vzhodna,Atlantska,41,41,97.6,98.3
PHI,Philadelphia 76ers,2007,vzhodna,Atlantska,35,47,94.9,98.0
NYK,New York Knicks,2007,vzhodna,Atlantska,33,49,97.5,100.3
BOS,Boston Celtics,2007,vzhodna,Atlantska,24,58,95.8,99.2
DET,Detroit Pistons,2007,vzhodna,Centralna,53,29,96.0,91.8
CLE,Cleveland Cavaliers,2007,vzhodna,Centralna,50,32,96.8,92.9
CHI,Chicago Bulls,2007,vzhodna,Centralna,49,33,98.8,93.8
IND,Indiana Pacers,2007,vzhodna,Centralna,35,47,95.6,98.0
MIL,Milwaukee Bucks,2007,vzhodna,Centralna,28,54,99.7,104.0
MIA,Miami Heat,2007,vzhodna,Jugovzhodna,44,38,94.6,95.5
WAS,Washington Wizards,2007,vzhodna,Jugovzhodna,41,41,104.3,104.9
ORL,Orlando Magic,2007,vzhodna,Jugovzhodna,40,42,94.8,94.0
CHA,Charlotte Bobcats,2007,vzhodna,Jugovzhodna,33,49,96.9,100.6
ATL,Atlanta Hawks,2007,vzhodna,Jugovzhodna,30,52,93.7,98.4
UTA,Utah Jazz,2007,zahodna,Severozahodna,51,31,101.5,98.6
DEN,Denver Nuggets,2007,zahodna,Severozahodna,45,37,105.4,103.7
POR,Portland Trail Blazers,2007,zahodna,Severozahodna,32,50,94.1,98.4
MIN,Minnesota Timberwolves,2007,zahodna,Severozahodna,32,50,96.1,99.7
SEA,Seattle SuperSonics,2007,zahodna,Severozahodna,31,51,99.1,102.0
PHO,Phoenix Suns,2007,zahodna,Pacifiška,61,21,110.2,102.9
LAL,Los Angeles Lakers,2007,zahodna,Pacifiška,42,40,103.3,103.4
GSW,Golden State Warriors,2007,zahodna,Pacifiška,42,40,106.5,106.9
LAC,Los Angeles Clippers,2007,zahodna,Pacifiška,40,42,95.6,96.1
SAC,Sacramento Kings,2007,zahodna,Pacifiška,33,49,101.3,103.1
DAL,Dallas Mavericks,2007,zahodna,Jugozahodna,67,15,100.0,92.8
SAS,San Antonio Spurs,2007,zahodna,Jugozahodna,58,24,98.5,90.1
HOU,Houston Rockets,2007,zahodna,Jugozahodna,52,30,97.0,92.1
NOK,New Orleans/Oklahoma City Hornets,2007,zahodna,Jugozahodna,39,43,95.5,97.1
MEM,Memphis Grizzlies,2007,zahodna,Jugozahodna,22,60,101.6,106.7
BOS,Boston Celtics,2008,vzhodna,Atlantska,66,16,100.5,90.3
TOR,Toronto Raptors,2008,vzhodna,Atlantska,41,41,100.2,97.3
PHI,Philadelphia 76ers,2008,vzhodna,Atlantska,40,42,96.6,96.2
NJN,New Jersey Nets,2008,vzhodna,Atlantska,34,48,95.8,100.9
NYK,New York Knicks,2008,vzhodna,Atlantska,23,59,96.9,103.5
DET,Detroit Pistons,2008,vzhodna,Centralna,59,23,97.5,90.1
CLE,Cleveland Cavaliers,2008,vzhodna,Centralna,45,37,96.4,96.7
IND,Indiana Pacers,2008,vzhodna,Centralna,36,46,104.0,105.4
CHI,Chicago Bulls,2008,vzhodna,Centralna,33,49,97.3,100.4
MIL,Milwaukee Bucks,2008,vzhodna,Centralna,26,56,97.0,103.9
ORL,Orlando Magic,2008,vzhodna,Jugovzhodna,52,30,104.5,99.0
WAS,Washington Wizards,2008,vzhodna,Jugovzhodna,43,39,98.8,99.2
ATL,Atlanta Hawks,2008,vzhodna,Jugovzhodna,37,45,98.2,100.0
CHA,Charlotte Bobcats,2008,vzhodna,Jugovzhodna,32,50,97.1,101.4
MIA,Miami Heat,2008,vzhodna,Jugovzhodna,15,67,91.4,100.0
UTA,Utah Jazz,2008,zahodna,Severozahodna,54,28,106.2,99.3
DEN,Denver Nuggets,2008,zahodna,Severozahodna,50,32,110.7,107.0
POR,Portland Trail Blazers,2008,zahodna,Severozahodna,41,41,95.4,96.3
MIN,Minnesota Timberwolves,2008,zahodna,Severozahodna,22,60,95.6,102.4
SEA,Seattle SuperSonics,2008,zahodna,Severozahodna,20,62,97.5,106.3
LAL,Los Angeles Lakers,2008,zahodna,Pacifiška,57,25,108.6,101.3
PHO,Phoenix Suns,2008,zahodna,Pacifiška,55,27,110.1,105.0
GSW,Golden State Warriors,2008,zahodna,Pacifiška,48,34,111.0,108.8
SAC,Sacramento Kings,2008,zahodna,Pacifiška,38,44,102.5,104.8
LAC,Los Angeles Clippers,2008,zahodna,Pacifiška,23,59,93.8,101.1
NOH,New Orleans Hornets,2008,zahodna,Jugozahodna,56,26,100.9,95.6
SAS,San Antonio Spurs,2008,zahodna,Jugozahodna,56,26,95.4,90.6
HOU,Houston Rockets,2008,zahodna,Jugozahodna,55,27,96.7,92.0
DAL,Dallas Mavericks,2008,zahodna,Jugozahodna,51,31,100.4,95.9
MEM,Memphis Grizzlies,2008,zahodna,Jugozahodna,22,60,100.7,106.9
BOS,Boston Celtics,2009,vzhodna,Atlantska,62,20,100.9,93.4
PHI,Philadelphia 76ers,2009,vzhodna,Atlantska,41,41,97.4,97.3
NJN,New Jersey Nets,2009,vzhodna,Atlantska,34,48,98.1,100.5
TOR,Toronto Raptors,2009,vzhodna,Atlantska,33,49,99.0,101.9
NYK,New York Knicks,2009,vzhodna,Atlantska,32,50,105.2,107.8
CLE,Cleveland Cavaliers,2009,vzhodna,Centralna,66,16,100.3,91.4
CHI,Chicago Bulls,2009,vzhodna,Centralna,41,41,102.2,102.5
DET,Detroit Pistons,2009,vzhodna,Centralna,39,43,94.2,94.7
IND,Indiana Pacers,2009,vzhodna,Centralna,36,46,105.1,106.2
MIL,Milwaukee Bucks,2009,vzhodna,Centralna,34,48,99.3,100.4
ORL,Orlando Magic,2009,vzhodna,Jugovzhodna,59,23,101.0,94.4
ATL,Atlanta Hawks,2009,vzhodna,Jugovzhodna,47,35,98.1,96.5
MIA,Miami Heat,2009,vzhodna,Jugovzhodna,43,39,98.3,98.0
CHA,Charlotte Bobcats,2009,vzhodna,Jugovzhodna,35,47,93.6,94.9
WAS,Washington Wizards,2009,vzhodna,Jugovzhodna,19,63,96.1,103.5
DEN,Denver Nuggets,2009,zahodna,Severozahodna,54,28,104.3,100.9
POR,Portland Trail Blazers,2009,zahodna,Severozahodna,54,28,99.4,94.1
UTA,Utah Jazz,2009,zahodna,Severozahodna,48,34,103.6,100.9
MIN,Minnesota Timberwolves,2009,zahodna,Severozahodna,24,58,97.8,102.7
OKC,Oklahoma City Thunder,2009,zahodna,Severozahodna,23,59,97.0,103.1
LAL,Los Angeles Lakers,2009,zahodna,Pacifiška,65,17,106.9,99.3
PHO,Phoenix Suns,2009,zahodna,Pacifiška,46,36,109.4,107.5
GSW,Golden State Warriors,2009,zahodna,Pacifiška,29,53,108.6,112.3
LAC,Los Angeles Clippers,2009,zahodna,Pacifiška,19,63,95.1,103.9
SAC,Sacramento Kings,2009,zahodna,Pacifiška,17,65,100.6,109.3
SAS,San Antonio Spurs,2009,zahodna,Jugozahodna,54,28,97.0,93.3
HOU,Houston Rockets,2009,zahodna,Jugozahodna,53,29,98.4,94.4
DAL,Dallas Mavericks,2009,zahodna,Jugozahodna,50,32,101.7,99.8
NOH,New Orleans Hornets,2009,zahodna,Jugozahodna,49,33,95.8,94.3
MEM,Memphis Grizzlies,2009,zahodna,Jugozahodna,24,58,93.9,99.3
BOS,Boston Celtics,2010,vzhodna,Atlantska,50,32,99.2,95.6
TOR,Toronto Raptors,2010,vzhodna,Atlantska,40,42,104.1,105.9
NYK,New York Knicks,2010,vzhodna,Atlantska,29,53,102.1,105.9
PHI,Philadelphia 76ers,2010,vzhodna,Atlantska,27,55,97.7,101.6
NJN,New Jersey Nets,2010,vzhodna,Atlantska,12,70,92.4,101.5
CLE,Cleveland Cavaliers,2010,vzhodna,Centralna,61,21,102.1,95.6
MIL,Milwaukee Bucks,2010,vzhodna,Centralna,46,36,97.7,96.0
CHI,Chicago Bulls,2010,vzhodna,Centralna,41,41,97.5,99.1
IND,Indiana Pacers,2010,vzhodna,Centralna,32,50,100.8,103.8
DET,Detroit Pistons,2010,vzhodna,Centralna,27,55,94.0,99.1
ORL,Orlando Magic,2010,vzhodna,Jugovzhodna,59,23,102.8,95.3
ATL,Atlanta Hawks,2010,vzhodna,Jugovzhodna,53,29,101.7,97.0
MIA,Miami Heat,2010,vzhodna,Jugovzhodna,47,35,96.5,94.2
CHA,Charlotte Bobcats,2010,vzhodna,Jugovzhodna,44,38,95.3,93.8
WAS,Washington Wizards,2010,vzhodna,Jugovzhodna,26,56,96.2,101.0
DEN,Denver Nuggets,2010,zahodna,Severozahodna,53,29,106.5,102.4
UTA,Utah Jazz,2010,zahodna,Severozahodna,53,29,104.2,98.9
POR,Portland Trail Blazers,2010,zahodna,Severozahodna,50,32,98.1,94.8
OKC,Oklahoma City Thunder,2010,zahodna,Severozahodna,50,32,101.5,98.0
MIN,Minnesota Timberwolves,2010,zahodna,Severozahodna,15,67,98.2,107.8
LAL,Los Angeles Lakers,2010,zahodna,Pacifiška,57,25,101.7,97.0
PHO,Phoenix Suns,2010,zahodna,Pacifiška,54,28,110.2,105.3
LAC,Los Angeles Clippers,2010,zahodna,Pacifiška,29,53,95.7,102.1
GSW,Golden State Warriors,2010,zahodna,Pacifiška,26,56,108.8,112.4
SAC,Sacramento Kings,2010,zahodna,Pacifiška,25,57,100.0,104.4
DAL,Dallas Mavericks,2010,zahodna,Jugozahodna,55,27,102.0,99.3
SAS,San Antonio Spurs,2010,zahodna,Jugozahodna,50,32,101.4,96.3
HOU,Houston Rockets,2010,zahodna,Jugozahodna,42,40,102.4,102.7
MEM,Memphis Grizzlies,2010,zahodna,Jugozahodna,40,42,102.5,104.0
NOH,New Orleans Hornets,2010,zahodna,Jugozahodna,37,45,100.2,102.7
BOS,Boston Celtics,2011,vzhodna,Atlantska,56,26,96.5,91.1
NYK,New York Knicks,2011,vzhodna,Atlantska,42,40,106.5,105.7
PHI,Philadelphia 76ers,2011,vzhodna,Atlantska,41,41,99.0,97.5
NJN,New Jersey Nets,2011,vzhodna,Atlantska,24,58,94.2,100.4
TOR,Toronto Raptors,2011,vzhodna,Atlantska,22,60,99.1,105.4
CHI,Chicago Bulls,2011,vzhodna,Centralna,62,20,98.6,91.3
IND,Indiana Pacers,2011,vzhodna,Centralna,37,45,99.8,100.9
MIL,Milwaukee Bucks,2011,vzhodna,Centralna,35,47,91.9,92.7
DET,Detroit Pistons,2011,vzhodna,Centralna,30,52,97.0,100.6
CLE,Cleveland Cavaliers,2011,vzhodna,Centralna,19,63,95.5,104.5
MIA,Miami Heat,2011,vzhodna,Jugovzhodna,58,24,102.1,94.6
ORL,Orlando Magic,2011,vzhodna,Jugovzhodna,52,30,99.2,93.7
ATL,Atlanta Hawks,2011,vzhodna,Jugovzhodna,44,38,95.0,95.8
CHA,Charlotte Bobcats,2011,vzhodna,Jugovzhodna,34,48,93.3,97.3
WAS,Washington Wizards,2011,vzhodna,Jugovzhodna,23,59,97.3,104.7
OKC,Oklahoma City Thunder,2011,zahodna,Severozahodna,55,27,104.8,101.0
DEN,Denver Nuggets,2011,zahodna,Severozahodna,50,32,107.5,102.7
POR,Portland Trail Blazers,2011,zahodna,Severozahodna,48,34,96.3,94.8
UTA,Utah Jazz,2011,zahodna,Severozahodna,39,43,99.4,101.3
MIN,Minnesota Timberwolves,2011,zahodna,Severozahodna,17,65,101.1,107.7
LAL,Los Angeles Lakers,2011,zahodna,Pacifiška,57,25,101.5,95.4
PHO,Phoenix Suns,2011,zahodna,Pacifiška,40,42,105.0,105.9
GSW,Golden State Warriors,2011,zahodna,Pacifiška,36,46,103.4,105.7
LAC,Los Angeles Clippers,2011,zahodna,Pacifiška,32,50,98.6,101.8
SAC,Sacramento Kings,2011,zahodna,Pacifiška,24,58,99.4,104.7
SAS,San Antonio Spurs,2011,zahodna,Jugozahodna,61,21,103.7,98.0
DAL,Dallas Mavericks,2011,zahodna,Jugozahodna,57,25,100.2,96.0
NOH,New Orleans Hornets,2011,zahodna,Jugozahodna,46,36,94.9,94.0
MEM,Memphis Grizzlies,2011,zahodna,Jugozahodna,46,36,99.9,97.6
HOU,Houston Rockets,2011,zahodna,Jugozahodna,43,39,105.9,103.7
BOS,Boston Celtics,2012,vzhodna,Atlantska,39,27,91.8,89.3
NYK,New York Knicks,2012,vzhodna,Atlantska,36,30,97.8,94.7
PHI,Philadelphia 76ers,2012,vzhodna,Atlantska,35,31,93.6,89.4
TOR,Toronto Raptors,2012,vzhodna,Atlantska,23,43,90.7,94.0
NJN,New Jersey Nets,2012,vzhodna,Atlantska,22,44,93.1,99.1
CHI,Chicago Bulls,2012,vzhodna,Centralna,50,16,96.3,88.2
IND,Indiana Pacers,2012,vzhodna,Centralna,42,24,97.7,94.4
MIL,Milwaukee Bucks,2012,vzhodna,Centralna,31,35,99.0,98.7
DET,Detroit Pistons,2012,vzhodna,Centralna,25,41,90.9,95.7
CLE,Cleveland Cavaliers,2012,vzhodna,Centralna,21,45,93.0,100.2
MIA,Miami Heat,2012,vzhodna,Jugovzhodna,46,20,98.5,92.5
ATL,Atlanta Hawks,2012,vzhodna,Jugovzhodna,40,26,96.6,93.2
ORL,Orlando Magic,2012,vzhodna,Jugovzhodna,37,29,94.2,93.4
WAS,Washington Wizards,2012,vzhodna,Jugovzhodna,20,46,93.6,98.4
CHA,Charlotte Bobcats,2012,vzhodna,Jugovzhodna,7,59,87.0,100.9
OKC,Oklahoma City Thunder,2012,zahodna,Severozahodna,47,19,103.1,96.9
DEN,Denver Nuggets,2012,zahodna,Severozahodna,38,28,104.1,101.2
UTA,Utah Jazz,2012,zahodna,Severozahodna,36,30,99.7,99.0
POR,Portland Trail Blazers,2012,zahodna,Severozahodna,28,38,97.2,97.8
MIN,Minnesota Timberwolves,2012,zahodna,Severozahodna,26,40,97.9,100.1
LAL,Los Angeles Lakers,2012,zahodna,Pacifiška,41,25,97.3,95.9
LAC,Los Angeles Clippers,2012,zahodna,Pacifiška,40,26,97.5,95.0
PHO,Phoenix Suns,2012,zahodna,Pacifiška,33,33,98.4,98.6
GSW,Golden State Warriors,2012,zahodna,Pacifiška,23,43,97.8,101.2
SAC,Sacramento Kings,2012,zahodna,Pacifiška,22,44,98.8,104.4
SAS,San Antonio Spurs,2012,zahodna,Jugozahodna,50,16,103.7,96.5
MEM,Memphis Grizzlies,2012,zahodna,Jugozahodna,41,25,95.0,93.0
DAL,Dallas Mavericks,2012,zahodna,Jugozahodna,36,30,95.8,94.8
HOU,Houston Rockets,2012,zahodna,Jugozahodna,34,32,98.1,97.9
NOH,New Orleans Hornets,2012,zahodna,Jugozahodna,21,45,89.6,93.4
NYK,New York Knicks,2013,vzhodna,Atlantska,54,28,100.0,95.7
BRK,Brooklyn Nets,2013,vzhodna,Atlantska,49,33,96.9,95.1
BOS,Boston Celtics,2013,vzhodna,Atlantska,41,40,96.5,96.7
PHI,Philadelphia 76ers,2013,vzhodna,Atlantska,34,48,93.2,96.5
TOR,Toronto Raptors,2013,vzhodna,Atlantska,34,48,97.2,98.7
IND,Indiana Pacers,2013,vzhodna,Centralna,49,32,94.7,90.7
CHI,Chicago Bulls,2013,vzhodna,Centralna,45,37,93.2,92.9
MIL,Milwaukee Bucks,2013,vzhodna,Centralna,38,44,98.9,100.4
DET,Detroit Pistons,2013,vzhodna,Centralna,29,53,94.9,98.8
CLE,Cleveland Cavaliers,2013,vzhodna,Centralna,24,58,96.5,101.2
MIA,Miami Heat,2013,vzhodna,Jugovzhodna,66,16,102.9,95.0
ATL,Atlanta Hawks,2013,vzhodna,Jugovzhodna,44,38,98.0,97.5
WAS,Washington Wizards,2013,vzhodna,Jugovzhodna,29,53,93.2,95.8
CHA,Charlotte Bobcats,2013,vzhodna,Jugovzhodna,21,61,93.4,102.7
ORL,Orlando Magic,2013,vzhodna,Jugovzhodna,20,62,94.1,101.1
OKC,Oklahoma City Thunder,2013,zahodna,Severozahodna,60,22,105.7,96.5
DEN,Denver Nuggets,2013,zahodna,Severozahodna,57,25,106.1,101.1
UTA,Utah Jazz,2013,zahodna,Severozahodna,43,39,98.0,98.1
POR,Portland Trail Blazers,2013,zahodna,Severozahodna,33,49,97.5,100.7
MIN,Minnesota Timberwolves,2013,zahodna,Severozahodna,31,51,95.7,98.1
LAC,Los Angeles Clippers,2013,zahodna,Pacifiška,56,26,101.1,94.6
GSW,Golden State Warriors,2013,zahodna,Pacifiška,47,35,101.2,100.3
LAL,Los Angeles Lakers,2013,zahodna,Pacifiška,45,37,102.2,101.0
SAC,Sacramento Kings,2013,zahodna,Pacifiška,28,54,100.2,105.1
PHO,Phoenix Suns,2013,zahodna,Pacifiška,25,57,95.2,101.6
SAS,San Antonio Spurs,2013,zahodna,Jugozahodna,58,24,103.0,96.6
MEM,Memphis Grizzlies,2013,zahodna,Jugozahodna,56,26,93.4,89.3
HOU,Houston Rockets,2013,zahodna,Jugozahodna,45,37,106.0,102.5
DAL,Dallas Mavericks,2013,zahodna,Jugozahodna,41,41,101.1,101.7
NOH,New Orleans Hornets,2013,zahodna,Jugozahodna,27,55,94.1,97.9
TOR,Toronto Raptors,2014,vzhodna,Atlantska,48,34,101.3,98.0
BRK,Brooklyn Nets,2014,vzhodna,Atlantska,44,38,98.5,99.5
NYK,New York Knicks,2014,vzhodna,Atlantska,37,45,98.6,99.4
BOS,Boston Celtics,2014,vzhodna,Atlantska,25,57,96.2,100.7
PHI,Philadelphia 76ers,2014,vzhodna,Atlantska,19,63,99.5,109.9
IND,Indiana Pacers,2014,vzhodna,Centralna,56,26,96.7,92.3
CHI,Chicago Bulls,2014,vzhodna,Centralna,48,34,93.7,91.8
CLE,Cleveland Cavaliers,2014,vzhodna,Centralna,33,49,98.2,101.5
DET,Detroit Pistons,2014,vzhodna,Centralna,29,53,101.0,104.7
MIL,Milwaukee Bucks,2014,vzhodna,Centralna,15,67,95.5,103.7
MIA,Miami Heat,2014,vzhodna,Jugovzhodna,54,28,102.2,97.4
WAS,Washington Wizards,2014,vzhodna,Jugovzhodna,44,38,100.7,99.4
CHA,Charlotte Bobcats,2014,vzhodna,Jugovzhodna,43,39,96.9,97.1
ATL,Atlanta Hawks,2014,vzhodna,Jugovzhodna,38,44,101.0,101.5
ORL,Orlando Magic,2014,vzhodna,Jugovzhodna,23,59,96.5,102.0
OKC,Oklahoma City Thunder,2014,zahodna,Severozahodna,59,23,106.2,99.8
POR,Portland Trail Blazers,2014,zahodna,Severozahodna,54,28,106.7,102.8
MIN,Minnesota Timberwolves,2014,zahodna,Severozahodna,40,42,106.9,104.3
DEN,Denver Nuggets,2014,zahodna,Severozahodna,36,46,104.4,106.5
UTA,Utah Jazz,2014,zahodna,Severozahodna,25,57,95.0,102.2
LAC,Los Angeles Clippers,2014,zahodna,Pacifiška,57,25,107.9,101.0
GSW,Golden State Warriors,2014,zahodna,Pacifiška,51,31,104.3,99.5
PHO,Phoenix Suns,2014,zahodna,Pacifiška,48,34,105.2,102.6
SAC,Sacramento Kings,2014,zahodna,Pacifiška,28,54,100.5,103.4
LAL,Los Angeles Lakers,2014,zahodna,Pacifiška,27,55,103.0,109.2
SAS,San Antonio Spurs,2014,zahodna,Jugozahodna,62,20,105.4,97.6
HOU,Houston Rockets,2014,zahodna,Jugozahodna,54,28,107.7,103.1
MEM,Memphis Grizzlies,2014,zahodna,Jugozahodna,50,32,96.1,94.6
DAL,Dallas Mavericks,2014,zahodna,Jugozahodna,49,33,104.8,102.4
NOP,New Orleans Pelicans,2014,zahodna,Jugozahodna,34,48,99.7,102.4
TOR,Toronto Raptors,2015,vzhodna,Atlantska,49,33,104.0,100.9
BOS,Boston Celtics,2015,vzhodna,Atlantska,40,42,101.4,101.2
BRK,Brooklyn Nets,2015,vzhodna,Atlantska,38,44,98.0,100.9
PHI,Philadelphia 76ers,2015,vzhodna,Atlantska,18,64,92.0,101.0
NYK,New York Knicks,2015,vzhodna,Atlantska,17,65,91.9,101.2
CLE,Cleveland Cavaliers,2015,vzhodna,Centralna,53,29,103.1,98.7
CHI,Chicago Bulls,2015,vzhodna,Centralna,50,32,100.8,97.8
MIL,Milwaukee Bucks,2015,vzhodna,Centralna,41,41,97.8,97.4
IND,Indiana Pacers,2015,vzhodna,Centralna,38,44,97.3,97.0
DET,Detroit Pistons,2015,vzhodna,Centralna,32,50,98.5,99.5
ATL,Atlanta Hawks,2015,vzhodna,Jugovzhodna,60,22,102.5,97.1
WAS,Washington Wizards,2015,vzhodna,Jugovzhodna,46,36,98.5,97.8
MIA,Miami Heat,2015,vzhodna,Jugovzhodna,37,45,94.7,97.3
CHO,Charlotte Hornets,2015,vzhodna,Jugovzhodna,33,49,94.2,97.3
ORL,Orlando Magic,2015,vzhodna,Jugovzhodna,25,57,95.7,101.4
POR,Portland Trail Blazers,2015,zahodna,Severozahodna,51,31,102.8,98.6
OKC,Oklahoma City Thunder,2015,zahodna,Severozahodna,45,37,104.0,101.8
UTA,Utah Jazz,2015,zahodna,Severozahodna,38,44,95.1,94.9
DEN,Denver Nuggets,2015,zahodna,Severozahodna,30,52,101.5,105.0
MIN,Minnesota Timberwolves,2015,zahodna,Severozahodna,16,66,97.8,106.5
GSW,Golden State Warriors,2015,zahodna,Pacifiška,67,15,110.0,99.9
LAC,Los Angeles Clippers,2015,zahodna,Pacifiška,56,26,106.7,100.1
PHO,Phoenix Suns,2015,zahodna,Pacifiška,39,43,102.4,103.3
SAC,Sacramento Kings,2015,zahodna,Pacifiška,29,53,101.3,105.0
LAL,Los Angeles Lakers,2015,zahodna,Pacifiška,21,61,98.5,105.3
HOU,Houston Rockets,2015,zahodna,Jugozahodna,56,26,103.9,100.5
MEM,Memphis Grizzlies,2015,zahodna,Jugozahodna,55,27,98.3,95.1
SAS,San Antonio Spurs,2015,zahodna,Jugozahodna,55,27,103.2,97.0
DAL,Dallas Mavericks,2015,zahodna,Jugozahodna,50,32,105.2,102.3
NOP,New Orleans Pelicans,2015,zahodna,Jugozahodna,45,37,99.4,98.6
TOR,Toronto Raptors,2016,vzhodna,Atlantska,56,26,102.7,98.2
BOS,Boston Celtics,2016,vzhodna,Atlantska,48,34,105.7,102.5
NYK,New York Knicks,2016,vzhodna,Atlantska,32,50,98.4,101.1
BRK,Brooklyn Nets,2016,vzhodna,Atlantska,21,61,98.6,106.0
PHI,Philadelphia 76ers,2016,vzhodna,Atlantska,10,72,97.4,107.6
CLE,Cleveland Cavaliers,2016,vzhodna,Centralna,57,25,104.3,98.3
IND,Indiana Pacers,2016,vzhodna,Centralna,45,37,102.2,100.5
DET,Detroit Pistons,2016,vzhodna,Centralna,44,38,102.0,101.4
CHI,Chicago Bulls,2016,vzhodna,Centralna,42,40,101.6,103.1
MIL,Milwaukee Bucks,2016,vzhodna,Centralna,33,49,99.0,103.2
MIA,Miami Heat,2016,vzhodna,Jugovzhodna,48,34,100.0,98.4
ATL,Atlanta Hawks,2016,vzhodna,Jugovzhodna,48,34,102.8,99.2
CHO,Charlotte Hornets,2016,vzhodna,Jugovzhodna,48,34,103.4,100.7
WAS,Washington Wizards,2016,vzhodna,Jugovzhodna,41,41,104.1,104.6
ORL,Orlando Magic,2016,vzhodna,Jugovzhodna,35,47,102.1,103.7
OKC,Oklahoma City Thunder,2016,zahodna,Severozahodna,55,27,110.2,102.9
POR,Portland Trail Blazers,2016,zahodna,Severozahodna,44,38,105.1,104.3
UTA,Utah Jazz,2016,zahodna,Severozahodna,40,42,97.7,95.9
DEN,Denver Nuggets,2016,zahodna,Severozahodna,33,49,101.9,105.0
MIN,Minnesota Timberwolves,2016,zahodna,Severozahodna,29,53,102.4,106.0
GSW,Golden State Warriors,2016,zahodna,Pacifiška,73,9,114.9,104.1
LAC,Los Angeles Clippers,2016,zahodna,Pacifiška,53,29,104.5,100.2
SAC,Sacramento Kings,2016,zahodna,Pacifiška,33,49,106.6,109.1
PHO,Phoenix Suns,2016,zahodna,Pacifiška,23,59,100.9,107.5
LAL,Los Angeles Lakers,2016,zahodna,Pacifiška,17,65,97.3,106.9
SAS,San Antonio Spurs,2016,zahodna,Jugozahodna,67,15,103.5,92.9
DAL,Dallas Mavericks,2016,zahodna,Jugozahodna,42,40,102.3,102.6
MEM,Memphis Grizzlies,2016,zahodna,Jugozahodna,42,40,99.1,101.3
HOU,Houston Rockets,2016,zahodna,Jugozahodna,41,41,106.5,106.4
NOP,New Orleans Pelicans,2016,zahodna,Jugozahodna,30,52,102.7,106.5
BOS,Boston Celtics,2017,vzhodna,Atlantska,53,29,108.0,105.4
TOR,Toronto Raptors,2017,vzhodna,Atlantska,51,31,106.9,102.6
NYK,New York Knicks,2017,vzhodna,Atlantska,31,51,104.3,108.0
PHI,Philadelphia 76ers,2017,vzhodna,Atlantska,28,54,102.4,108.1
BRK,Brooklyn Nets,2017,vzhodna,Atlantska,20,62,105.8,112.5
CLE,Cleveland Cavaliers,2017,vzhodna,Centralna,51,31,110.3,107.2
MIL,Milwaukee Bucks,2017,vzhodna,Centralna,42,40,103.6,103.8
IND,Indiana Pacers,2017,vzhodna,Centralna,42,40,105.1,105.3
CHI,Chicago Bulls,2017,vzhodna,Centralna,41,41,102.9,102.4
DET,Detroit Pistons,2017,vzhodna,Centralna,37,45,101.3,102.5
WAS,Washington Wizards,2017,vzhodna,Jugovzhodna,49,33,109.2,107.4
ATL,Atlanta Hawks,2017,vzhodna,Jugovzhodna,43,39,103.2,104.0
MIA,Miami Heat,2017,vzhodna,Jugovzhodna,41,41,103.2,102.1
CHO,Charlotte Hornets,2017,vzhodna,Jugovzhodna,36,46,104.9,104.7
ORL,Orlando Magic,2017,vzhodna,Jugovzhodna,29,53,101.1,107.6
UTA,Utah Jazz,2017,zahodna,Severozahodna,51,31,100.7,96.8
OKC,Oklahoma City Thunder,2017,zahodna,Severozahodna,47,35,106.6,105.8
POR,Portland Trail Blazers,2017,zahodna,Severozahodna,41,41,107.9,108.5
DEN,Denver Nuggets,2017,zahodna,Severozahodna,40,42,111.7,111.2
MIN,Minnesota Timberwolves,2017,zahodna,Severozahodna,31,51,105.6,106.7
GSW,Golden State Warriors,2017,zahodna,Pacifiška,67,15,115.9,104.3
LAC,Los Angeles Clippers,2017,zahodna,Pacifiška,51,31,108.7,104.4
SAC,Sacramento Kings,2017,zahodna,Pacifiška,32,50,102.8,106.7
LAL,Los Angeles Lakers,2017,zahodna,Pacifiška,26,56,104.6,111.5
PHO,Phoenix Suns,2017,zahodna,Pacifiška,24,58,107.7,113.3
SAS,San Antonio Spurs,2017,zahodna,Jugozahodna,61,21,105.3,98.1
HOU,Houston Rockets,2017,zahodna,Jugozahodna,55,27,115.3,109.6
MEM,Memphis Grizzlies,2017,zahodna,Jugozahodna,43,39,100.5,100.0
NOP,New Orleans Pelicans,2017,zahodna,Jugozahodna,34,48,104.3,106.4
DAL,Dallas Mavericks,2017,zahodna,Jugozahodna,33,49,97.9,100.8
TOR,Toronto Raptors,2018,vzhodna,Atlantska,59,23,111.7,103.9
BOS,Boston Celtics,2018,vzhodna,Atlantska,55,27,104.0,100.4
PHI,Philadelphia 76ers,2018,vzhodna,Atlantska,52,30,109.8,105.3
NYK,New York Knicks,2018,vzhodna,Atlantska,29,53,104.5,108.0
BRK,Brooklyn Nets,2018,vzhodna,Atlantska,28,54,106.6,110.3
CLE,Cleveland Cavaliers,2018,vzhodna,Centralna,50,32,110.9,109.9
IND,Indiana Pacers,2018,vzhodna,Centralna,48,34,105.6,104.2
MIL,Milwaukee Bucks,2018,vzhodna,Centralna,44,38,106.5,106.8
DET,Detroit Pistons,2018,vzhodna,Centralna,39,43,103.8,103.9
CHI,Chicago Bulls,2018,vzhodna,Centralna,27,55,102.9,110.0
MIA,Miami Heat,2018,vzhodna,Jugovzhodna,44,38,103.4,102.9
WAS,Washington Wizards,2018,vzhodna,Jugovzhodna,43,39,106.6,106.0
CHO,Charlotte Hornets,2018,vzhodna,Jugovzhodna,36,46,108.2,108.0
ORL,Orlando Magic,2018,vzhodna,Jugovzhodna,25,57,103.4,108.2
ATL,Atlanta Hawks,2018,vzhodna,Jugovzhodna,24,58,103.4,108.8
POR,Portland Trail Blazers,2018,zahodna,Severozahodna,49,33,105.6,103.0
OKC,Oklahoma City Thunder,2018,zahodna,Severozahodna,48,34,107.9,104.4
UTA,Utah Jazz,2018,zahodna,Severozahodna,48,34,104.1,99.8
MIN,Minnesota Timberwolves,2018,zahodna,Severozahodna,47,35,109.5,107.3
DEN,Denver Nuggets,2018,zahodna,Severozahodna,46,36,110.0,108.5
GSW,Golden State Warriors,2018,zahodna,Pacifiška,58,24,113.5,107.5
LAC,Los Angeles Clippers,2018,zahodna,Pacifiška,42,40,109.0,109.0
LAL,Los Angeles Lakers,2018,zahodna,Pacifiška,35,47,108.1,109.6
SAC,Sacramento Kings,2018,zahodna,Pacifiška,27,55,98.8,105.8
PHO,Phoenix Suns,2018,zahodna,Pacifiška,21,61,103.9,113.3
HOU,Houston Rockets,2018,zahodna,Jugozahodna,65,17,112.4,103.9
NOP,New Orleans Pelicans,2018,zahodna,Jugozahodna,48,34,111.7,110.4
SAS,San Antonio Spurs,2018,zahodna,Jugozahodna,47,35,102.7,99.8
DAL,Dallas Mavericks,2018,zahodna,Jugozahodna,24,58,102.3,105.4
MEM,Memphis Grizzlies,2018,zahodna,Jugozahodna,22,60,99.3,105.5
TOR,Toronto Raptors,2019,vzhodna,Atlantska,58,24,114.4,108.4
PHI,Philadelphia 76ers,2019,vzhodna,Atlantska,51,31,115.2,112.5
BOS,Boston Celtics,2019,vzhodna,Atlantska,49,33,112.4,108.0
BRK,Brooklyn Nets,2019,vzhodna,Atlantska,42,40,112.2,112.3
NYK,New York Knicks,2019,vzhodna,Atlantska,17,65,104.6,113.8
MIL,Milwaukee Bucks,2019,vzhodna,Centralna,60,22,118.1,109.3
IND,Indiana Pacers,2019,vzhodna,Centralna,48,34,108.0,104.7
DET,Detroit Pistons,2019,vzhodna,Centralna,41,41,107.0,107.3
CHI,Chicago Bulls,2019,vzhodna,Centralna,22,60,104.9,113.4
CLE,Cleveland Cavaliers,2019,vzhodna,Centralna,19,63,104.5,114.1
ORL,Orlando Magic,2019,vzhodna,Jugovzhodna,42,40,107.3,106.6
CHO,Charlotte Hornets,2019,vzhodna,Jugovzhodna,39,43,110.7,111.8
MIA,Miami Heat,2019,vzhodna,Jugovzhodna,39,43,105.7,105.9
WAS,Washington Wizards,2019,vzhodna,Jugovzhodna,32,50,114.0,116.9
ATL,Atlanta Hawks,2019,vzhodna,Jugovzhodna,29,53,113.3,119.4
DEN,Denver Nuggets,2019,zahodna,Severozahodna,54,28,110.7,106.7
POR,Portland Trail Blazers,2019,zahodna,Severozahodna,53,29,114.7,110.5
UTA,Utah Jazz,2019,zahodna,Severozahodna,50,32,111.7,106.5
OKC,Oklahoma City Thunder,2019,zahodna,Severozahodna,49,33,114.5,111.1
MIN,Minnesota Timberwolves,2019,zahodna,Severozahodna,36,46,112.5,114.0
GSW,Golden State Warriors,2019,zahodna,Pacifiška,57,25,117.7,111.2
LAC,Los Angeles Clippers,2019,zahodna,Pacifiška,48,34,115.1,114.3
SAC,Sacramento Kings,2019,zahodna,Pacifiška,39,43,114.2,115.3
LAL,Los Angeles Lakers,2019,zahodna,Pacifiška,37,45,111.8,113.5
PHO,Phoenix Suns,2019,zahodna,Pacifiška,19,63,107.5,116.8
HOU,Houston Rockets,2019,zahodna,Jugozahodna,53,29,113.9,109.1
SAS,San Antonio Spurs,2019,zahodna,Jugozahodna,48,34,111.7,110.0
MEM,Memphis Grizzlies,2019,zahodna,Jugozahodna,33,49,103.5,106.1
NOP,New Orleans Pelicans,2019,zahodna,Jugozahodna,33,49,115.4,116.8
DAL,Dallas Mavericks,2019,zahodna,Jugozahodna,33,49,108.9,110.1
TOR,Toronto Raptors,2020,vzhodna,Atlantska,53,19,112.8,106.5
BOS,Boston Celtics,2020,vzhodna,Atlantska,48,24,113.7,107.3
PHI,Philadelphia 76ers,2020,vzhodna,Atlantska,43,30,110.7,108.4
BRK,Brooklyn Nets,2020,vzhodna,Atlantska,35,37,111.8,112.3
NYK,New York Knicks,2020,vzhodna,Atlantska,21,45,105.8,112.3
MIL,Milwaukee Bucks,2020,vzhodna,Centralna,56,17,118.7,108.6
IND,Indiana Pacers,2020,vzhodna,Centralna,45,28,109.4,107.5
CHI,Chicago Bulls,2020,vzhodna,Centralna,22,43,106.8,109.9
DET,Detroit Pistons,2020,vzhodna,Centralna,20,46,107.2,110.8
CLE,Cleveland Cavaliers,2020,vzhodna,Centralna,19,46,106.9,114.8
MIA,Miami Heat,2020,vzhodna,Jugovzhodna,44,29,112.0,109.1
ORL,Orlando Magic,2020,vzhodna,Jugovzhodna,33,40,107.3,108.3
CHO,Charlotte Hornets,2020,vzhodna,Jugovzhodna,23,42,102.9,109.6
WAS,Washington Wizards,2020,vzhodna,Jugovzhodna,25,47,114.4,119.1
ATL,Atlanta Hawks,2020,vzhodna,Jugovzhodna,20,47,111.8,119.7
DEN,Denver Nuggets,2020,zahodna,Severozahodna,46,27,111.3,109.2
OKC,Oklahoma City Thunder,2020,zahodna,Severozahodna,44,28,110.4,108.4
UTA,Utah Jazz,2020,zahodna,Severozahodna,44,28,111.3,108.8
POR,Portland Trail Blazers,2020,zahodna,Severozahodna,35,39,115.0,116.1
MIN,Minnesota Timberwolves,2020,zahodna,Severozahodna,19,45,113.3,117.5
LAL,Los Angeles Lakers,2020,zahodna,Pacifiška,52,19,113.4,107.6
LAC,Los Angeles Clippers,2020,zahodna,Pacifiška,49,23,116.3,109.9
PHO,Phoenix Suns,2020,zahodna,Pacifiška,34,39,113.6,113.4
SAC,Sacramento Kings,2020,zahodna,Pacifiška,31,41,110.1,112.1
GSW,Golden State Warriors,2020,zahodna,Pacifiška,15,50,106.3,115.0
HOU,Houston Rockets,2020,zahodna,Jugozahodna,44,28,117.8,114.8
DAL,Dallas Mavericks,2020,zahodna,Jugozahodna,43,32,117.0,112.1
MEM,Memphis Grizzlies,2020,zahodna,Jugozahodna,34,39,112.6,113.7
SAS,San Antonio Spurs,2020,zahodna,Jugozahodna,32,39,114.1,115.2
NOP,New Orleans Pelicans,2020,zahodna,Jugozahodna,30,42,115.8,117.1
PHI,Philadelphia 76ers,2021,vzhodna,Atlantska,49,23,113.6,108.1
BRK,Brooklyn Nets,2021,vzhodna,Atlantska,48,24,118.6,114.1
NYK,New York Knicks,2021,vzhodna,Atlantska,41,31,107.0,104.7
BOS,Boston Celtics,2021,vzhodna,Atlantska,36,36,112.6,111.2
TOR,Toronto Raptors,2021,vzhodna,Atlantska,27,45,111.3,111.7
MIL,Milwaukee Bucks,2021,vzhodna,Centralna,46,26,120.1,114.2
IND,Indiana Pacers,2021,vzhodna,Centralna,34,38,115.3,115.3
CHI,Chicago Bulls,2021,vzhodna,Centralna,31,41,110.7,111.6
CLE,Cleveland Cavaliers,2021,vzhodna,Centralna,22,50,103.8,112.3
DET,Detroit Pistons,2021,vzhodna,Centralna,20,52,106.6,111.1
ATL,Atlanta Hawks,2021,vzhodna,Jugovzhodna,41,31,113.7,111.4
MIA,Miami Heat,2021,vzhodna,Jugovzhodna,40,32,108.1,108.0
WAS,Washington Wizards,2021,vzhodna,Jugovzhodna,34,38,116.6,118.5
CHO,Charlotte Hornets,2021,vzhodna,Jugovzhodna,33,39,109.5,111.4
ORL,Orlando Magic,2021,vzhodna,Jugovzhodna,21,51,104.0,113.3
UTA,Utah Jazz,2021,zahodna,Severozahodna,52,20,116.4,107.2
DEN,Denver Nuggets,2021,zahodna,Severozahodna,47,25,115.1,110.1
POR,Portland Trail Blazers,2021,zahodna,Severozahodna,42,30,116.1,114.3
MIN,Minnesota Timberwolves,2021,zahodna,Severozahodna,23,49,112.1,117.7
OKC,Oklahoma City Thunder,2021,zahodna,Severozahodna,22,50,105.0,115.6
PHO,Phoenix Suns,2021,zahodna,Pacifiška,51,21,115.3,109.5
LAC,Los Angeles Clippers,2021,zahodna,Pacifiška,47,25,114.0,107.8
LAL,Los Angeles Lakers,2021,zahodna,Pacifiška,42,30,109.5,106.8
GSW,Golden State Warriors,2021,zahodna,Pacifiška,39,33,113.7,112.7
SAC,Sacramento Kings,2021,zahodna,Pacifiška,31,41,113.7,117.4
DAL,Dallas Mavericks,2021,zahodna,Jugozahodna,42,30,112.4,110.2
MEM,Memphis Grizzlies,2021,zahodna,Jugozahodna,38,34,113.3,112.3
SAS,San Antonio Spurs,2021,zahodna,Jugozahodna,33,39,111.1,112.8
NOP,New Orleans Pelicans,2021,zahodna,Jugozahodna,31,41,114.6,114.9
HOU,Houston Rockets,2021,zahodna,Jugozahodna,17,55,108.8,116.7
BOS,Boston Celtics,2022,vzhodna,Atlantska,51,31,111.8,104.5
PHI,Philadelphia 76ers,2022,vzhodna,Atlantska,51,31,109.9,107.3
TOR,Toronto Raptors,2022,vzhodna,Atlantska,48,34,109.4,107.1
BRK,Brooklyn Nets,2022,vzhodna,Atlantska,44,38,112.9,112.1
NYK,New York Knicks,2022,vzhodna,Atlantska,37,45,106.5,106.6
MIL,Milwaukee Bucks,2022,vzhodna,Centralna,51,31,115.5,112.1
CHI,Chicago Bulls,2022,vzhodna,Centralna,46,36,111.6,112.0
CLE,Cleveland Cavaliers,2022,vzhodna,Centralna,44,38,107.8,105.7
IND,Indiana Pacers,2022,vzhodna,Centralna,25,57,111.5,114.9
DET,Detroit Pistons,2022,vzhodna,Centralna,23,59,104.8,112.5
MIA,Miami Heat,2022,vzhodna,Jugovzhodna,53,29,110.0,105.6
ATL,Atlanta Hawks,2022,vzhodna,Jugovzhodna,43,39,113.9,112.4
CHO,Charlotte Hornets,2022,vzhodna,Jugovzhodna,43,39,115.3,114.9
WAS,Washington Wizards,2022,vzhodna,Jugovzhodna,35,47,108.6,112.0
ORL,Orlando Magic,2022,vzhodna,Jugovzhodna,22,60,104.2,112.2
UTA,Utah Jazz,2022,zahodna,Severozahodna,49,33,113.6,107.6
DEN,Denver Nuggets,2022,zahodna,Severozahodna,48,34,112.7,110.4
MIN,Minnesota Timberwolves,2022,zahodna,Severozahodna,46,36,115.9,113.3
POR,Portland Trail Blazers,2022,zahodna,Severozahodna,27,55,106.2,115.1
OKC,Oklahoma City Thunder,2022,zahodna,Severozahodna,24,58,103.7,111.8
PHO,Phoenix Suns,2022,zahodna,Pacifiška,64,18,114.8,107.3
GSW,Golden State Warriors,2022,zahodna,Pacifiška,53,29,111.0,105.5
LAC,Los Angeles Clippers,2022,zahodna,Pacifiška,42,40,108.4,108.4
LAL,Los Angeles Lakers,2022,zahodna,Pacifiška,33,49,112.1,115.1
SAC,Sacramento Kings,2022,zahodna,Pacifiška,30,52,110.3,115.8
MEM,Memphis Grizzlies,2022,zahodna,Jugozahodna,56,26,115.6,109.9
DAL,Dallas Mavericks,2022,zahodna,Jugozahodna,52,30,108.0,104.7
NOP,New Orleans Pelicans,2022,zahodna,Jugozahodna,36,46,109.3,110.3
SAS,San Antonio Spurs,2022,zahodna,Jugozahodna,34,48,113.2,113.0
HOU,Houston Rockets,2022,zahodna,Jugozahodna,20,62,109.7,118.2
BOS,Boston Celtics,2023,vzhodna,Atlantska,57,25,117.9,111.4
PHI,Philadelphia 76ers,2023,vzhodna,Atlantska,54,28,115.2,110.9
NYK,New York Knicks,2023,vzhodna,Atlantska,47,35,116.0,113.1
BRK,Brooklyn Nets,2023,vzhodna,Atlantska,45,37,113.4,112.5
TOR,Toronto Raptors,2023,vzhodna,Atlantska,41,41,112.9,111.4
MIL,Milwaukee Bucks,2023,vzhodna,Centralna,58,24,116.9,113.3
CLE,Cleveland Cavaliers,2023,vzhodna,Centralna,51,31,112.3,106.9
CHI,Chicago Bulls,2023,vzhodna,Centralna,40,42,113.1,111.8
IND,Indiana Pacers,2023,vzhodna,Centralna,35,47,116.3,119.5
DET,Detroit Pistons,2023,vzhodna,Centralna,17,65,110.3,118.5
MIA,Miami Heat,2023,vzhodna,Jugovzhodna,44,38,109.5,109.8
ATL,Atlanta Hawks,2023,vzhodna,Jugovzhodna,41,41,118.4,118.1
WAS,Washington Wizards,2023,vzhodna,Jugovzhodna,35,47,113.2,114.4
ORL,Orlando Magic,2023,vzhodna,Jugovzhodna,34,48,111.4,114.0
CHO,Charlotte Hornets,2023,vzhodna,Jugovzhodna,27,55,111.0,117.2
DEN,Denver Nuggets,2023,zahodna,Severozahodna,53,29,115.8,112.5
MIN,Minnesota Timberwolves,2023,zahodna,Severozahodna,42,40,115.8,115.8
OKC,Oklahoma City Thunder,2023,zahodna,Severozahodna,40,42,117.5,116.4
UTA,Utah Jazz,2023,zahodna,Severozahodna,37,45,117.1,118.0
POR,Portland Trail Blazers,2023,zahodna,Severozahodna,33,49,113.4,117.4
SAC,Sacramento Kings,2023,zahodna,Pacifiška,48,34,120.7,118.1
PHO,Phoenix Suns,2023,zahodna,Pacifiška,45,37,113.6,111.6
LAC,Los Angeles Clippers,2023,zahodna,Pacifiška,44,38,113.6,113.1
GSW,Golden State Warriors,2023,zahodna,Pacifiška,44,38,118.9,117.1
LAL,Los Angeles Lakers,2023,zahodna,Pacifiška,43,39,117.2,116.6
MEM,Memphis Grizzlies,2023,zahodna,Jugozahodna,51,31,116.9,113.0
NOP,New Orleans Pelicans,2023,zahodna,Jugozahodna,42,40,114.4,112.5
DAL,Dallas Mavericks,2023,zahodna,Jugozahodna,38,44,114.2,114.1
HOU,Houston Rockets,2023,zahodna,Jugozahodna,22,60,110.7,118.6
SAS,San Antonio Spurs,2023,zahodna,Jugozahodna,22,60,113.0,123.1
BOS,Boston Celtics,2024,vzhodna,Atlantska,64,18,120.6,109.2
NYK,New York Knicks,2024,vzhodna,Atlantska,50,32,112.8,108.2
PHI,Philadelphia 76ers,2024,vzhodna,Atlantska,47,35,114.6,111.5
BRK,Brooklyn Nets,2024,vzhodna,Atlantska,32,50,110.4,113.3
TOR,Toronto Raptors,2024,vzhodna,Atlantska,25,57,112.4,118.8
MIL,Milwaukee Bucks,2024,vzhodna,Centralna,49,33,119.0,116.4
CLE,Cleveland Cavaliers,2024,vzhodna,Centralna,48,34,112.6,110.2
IND,Indiana Pacers,2024,vzhodna,Centralna,47,35,123.3,120.2
CHI,Chicago Bulls,2024,vzhodna,Centralna,39,43,112.3,113.7
DET,Detroit Pistons,2024,vzhodna,Centralna,14,68,109.9,119.0
ORL,Orlando Magic,2024,vzhodna,Jugovzhodna,47,35,110.5,108.4
MIA,Miami Heat,2024,vzhodna,Jugovzhodna,46,36,110.1,108.4
ATL,Atlanta Hawks,2024,vzhodna,Jugovzhodna,36,46,118.3,120.5
CHO,Charlotte Hornets,2024,vzhodna,Jugovzhodna,21,61,106.6,116.8
WAS,Washington Wizards,2024,vzhodna,Jugovzhodna,15,67,113.7,123.0
OKC,Oklahoma City Thunder,2024,zahodna,Severozahodna,57,25,120.1,112.7
DEN,Denver Nuggets,2024,zahodna,Severozahodna,57,25,114.9,109.6
MIN,Minnesota Timberwolves,2024,zahodna,Severozahodna,56,26,113.0,106.5
UTA,Utah Jazz,2024,zahodna,Severozahodna,31,51,115.7,120.5
POR,Portland Trail Blazers,2024,zahodna,Severozahodna,21,61,106.4,115.4
LAC,Los Angeles Clippers,2024,zahodna,Pacifiška,51,31,115.6,112.3
PHO,Phoenix Suns,2024,zahodna,Pacifiška,49,33,116.2,113.2
LAL,Los Angeles Lakers,2024,zahodna,Pacifiška,47,35,118.0,117.4
SAC,Sacramento Kings,2024,zahodna,Pacifiška,46,36,116.6,114.8
GSW,Golden State Warriors,2024,zahodna,Pacifiška,46,36,117.8,115.2
DAL,Dallas Mavericks,2024,zahodna,Jugozahodna,50,32,117.9,115.6
NOP,New Orleans Pelicans,2024,zahodna,Jugozahodna,49,33,115.1,110.7
HOU,Houston Rockets,2024,zahodna,Jugozahodna,41,41,114.3,113.2
MEM,Memphis Grizzlies,2024,zahodna,Jugozahodna,27,55,105.8,112.8
SAS,San Antonio Spurs,2024,zahodna,Jugozahodna,22,60,112.1,118.6
BOS,Boston Celtics,2025,vzhodna,Atlantska,61,21,116.3,107.2
NYK,New York Knicks,2025,vzhodna,Atlantska,51,31,115.8,111.7
TOR,Toronto Raptors,2025,vzhodna,Atlantska,30,52,110.9,115.2
BRK,Brooklyn Nets,2025,vzhodna,Atlantska,26,56,105.1,112.2
PHI,Philadelphia 76ers,2025,vzhodna,Atlantska,24,58,109.6,115.8
CLE,Cleveland Cavaliers,2025,vzhodna,Centralna,64,18,121.9,112.4
IND,Indiana Pacers,2025,vzhodna,Centralna,50,32,117.4,115.1
MIL,Milwaukee Bucks,2025,vzhodna,Centralna,48,34,115.5,113.0
DET,Detroit Pistons,2025,vzhodna,Centralna,44,38,115.5,113.6
CHI,Chicago Bulls,2025,vzhodna,Centralna,39,43,117.8,119.4
ORL,Orlando Magic,2025,vzhodna,Jugovzhodna,41,41,105.4,105.5
ATL,Atlanta Hawks,2025,vzhodna,Jugovzhodna,40,42,118.2,119.3
MIA,Miami Heat,2025,vzhodna,Jugovzhodna,37,45,110.6,110.0
CHO,Charlotte Hornets,2025,vzhodna,Jugovzhodna,19,63,105.1,114.2
WAS,Washington Wizards,2025,vzhodna,Jugovzhodna,18,64,108.0,120.4
OKC,Oklahoma City Thunder,2025,zahodna,Severozahodna,68,14,120.5,107.6
DEN,Denver Nuggets,2025,zahodna,Severozahodna,50,32,120.8,116.9
MIN,Minnesota Timberwolves,2025,zahodna,Severozahodna,49,33,114.3,109.3
POR,Portland Trail Blazers,2025,zahodna,Severozahodna,36,46,110.9,113.9
UTA,Utah Jazz,2025,zahodna,Severozahodna,17,65,111.9,121.2
LAL,Los Angeles Lakers,2025,zahodna,Pacifiška,50,32,113.4,112.2
LAC,Los Angeles Clippers,2025,zahodna,Pacifiška,50,32,112.9,108.2
GSW,Golden State Warriors,2025,zahodna,Pacifiška,48,34,113.8,110.5
SAC,Sacramento Kings,2025,zahodna,Pacifiška,40,42,115.7,115.3
PHO,Phoenix Suns,2025,zahodna,Pacifiška,36,46,113.6,116.6
HOU,Houston Rockets,2025,zahodna,Jugozahodna,52,30,114.3,109.8
MEM,Memphis Grizzlies,2025,zahodna,Jugozahodna,48,34,121.7,116.9
DAL,Dallas Mavericks,2025,zahodna,Jugozahodna,39,43,114.2,115.4
SAS,San Antonio Spurs,2025,zahodna,Jugozahodna,34,48,113.9,116.7
NOP,New Orleans Pelicans,2025,zahodna,Jugozahodna,21,61,109.8,119.3
BOS,Boston Celtics,2026,vzhodna,Atlantska,56,26,114.9,107.2
NYK,New York Knicks,2026,vzhodna,Atlantska,53,29,116.5,110.1
TOR,Toronto Raptors,2026,vzhodna,Atlantska,46,36,114.6,111.8
PHI,Philadelphia 76ers,2026,vzhodna,Atlantska,45,37,115.9,116.1
BRK,Brooklyn Nets,2026,vzhodna,Atlantska,20,62,105.9,115.9
DET,Detroit Pistons,2026,vzhodna,Centralna,60,22,117.8,109.6
CLE,Cleveland Cavaliers,2026,vzhodna,Centralna,52,30,119.5,115.4
MIL,Milwaukee Bucks,2026,vzhodna,Centralna,32,50,110.6,116.8
CHI,Chicago Bulls,2026,vzhodna,Centralna,31,51,116.3,121.5
IND,Indiana Pacers,2026,vzhodna,Centralna,19,63,112.4,120.4
ATL,Atlanta Hawks,2026,vzhodna,Jugovzhodna,46,36,118.5,116.0
ORL,Orlando Magic,2026,vzhodna,Jugovzhodna,45,37,115.7,115.1
CHO,Charlotte Hornets,2026,vzhodna,Jugovzhodna,44,38,116.0,111.2
MIA,Miami Heat,2026,vzhodna,Jugovzhodna,43,39,120.9,118.5
WAS,Washington Wizards,2026,vzhodna,Jugovzhodna,17,65,112.9,124.9
OKC,Oklahoma City Thunder,2026,zahodna,Severozahodna,64,18,119.0,107.9
DEN,Denver Nuggets,2026,zahodna,Severozahodna,54,28,122.1,116.9
MIN,Minnesota Timberwolves,2026,zahodna,Severozahodna,49,33,118.0,114.6
POR,Portland Trail Blazers,2026,zahodna,Severozahodna,42,40,115.5,115.8
UTA,Utah Jazz,2026,zahodna,Severozahodna,22,60,117.6,126.0
LAL,Los Angeles Lakers,2026,zahodna,Pacifiška,53,29,116.3,114.6
PHO,Phoenix Suns,2026,zahodna,Pacifiška,45,37,112.6,111.1
LAC,Los Angeles Clippers,2026,zahodna,Pacifiška,42,40,113.8,112.6
GSW,Golden State Warriors,2026,zahodna,Pacifiška,37,45,114.6,115.2
SAC,Sacramento Kings,2026,zahodna,Pacifiška,22,60,111.0,121.0
SAS,San Antonio Spurs,2026,zahodna,Jugozahodna,62,20,119.8,111.5
HOU,Houston Rockets,2026,zahodna,Jugozahodna,52,30,115.2,110.0
NOP,New Orleans Pelicans,2026,zahodna,Jugozahodna,26,56,115.5,120.0
DAL,Dallas Mavericks,2026,zahodna,Jugozahodna,26,56,114.1,119.6
MEM,Memphis Grizzlies,2026,zahodna,Jugozahodna,25,57,114.7,120.7
